item,n_i
0,298
1,390
2,508
3,12
4,1592
5,1066
6,788
7,162
8,53
9,225
10,512
11,175
12,344
13,487
14,114
15,69
16,1468
17,370
18,484
19,1729
20,2295
21,377
22,3204
23,757
24,72
25,816
26,229
27,793
28,79
29,128
30,714
31,2727
32,133
33,2084
34,310
35,463
36,419
37,551
38,2588
39,1192
40,350
41,5960
42,506
43,2278
44,4019
45,1849
46,736
47,278
48,411
49,1468
50,480
51,506
52,1659
53,139
54,308
55,42
56,285
57,207
58,867
59,1635
60,22
61,1614
62,847
63,87
64,73
65,826
66,4610
67,485
68,475
69,2054
70,1208
71,220
72,517
73,867
74,1132
75,820
76,1169
77,1201
78,517
79,100
80,1902
81,1732
82,191
83,409
84,235
85,3250
86,1183
87,226
88,72
89,646
90,267
91,587
92,621
93,717
94,695
95,727
96,88
97,423
98,1226
99,764
100,950
101,91
102,168
103,2276
104,1344
105,94
106,571
107,282
108,3029
109,917
110,589
111,416
112,1225
113,2108
114,344
115,178
116,1049
117,211
118,1892
119,2938
120,319
121,47
122,382
123,34
124,166
125,688
126,513
127,321
128,181
129,688
130,1116
131,135
132,126
133,432
134,431
135,2230
136,2121
137,687
138,321
139,711
140,399
141,153
142,609
143,368
144,15
145,4129
146,201
147,3105
148,256
149,163
150,1565
151,614
152,117
153,316
154,1682
155,1843
156,1806
157,332
158,224
159,1119
160,45
161,170
162,1428
163,1500
164,380
165,215
166,200
167,454
168,811
169,279
170,296
171,145
172,342
173,2411
174,188
175,281
176,81
177,37
178,587
179,679
180,117
181,614
182,242
183,1329
184,80
185,543
186,355
187,207
188,207
189,67
190,2791
191,32
192,539
193,123
194,107
195,1574
196,482
197,185
198,2210
199,2588
200,52
201,1971
202,1961
203,316
204,1757
205,2154
206,918
207,421
208,418
209,746
210,126
211,835
212,1631
213,754
214,250
215,247
216,164
217,894
218,340
219,334
220,605
221,10
222,3961
223,628
224,658
225,867
226,726
227,1041
228,282
229,2317
230,379
231,534
232,206
233,163
234,946
235,823
236,156
237,2469
238,602
239,1065
240,1898
241,165
242,364
243,14
244,1453
245,428
246,5
247,114
248,279
249,468
250,480
251,1051
252,171
253,565
254,384
255,553
256,113
257,1133
258,85
259,309
260,537
261,1709
262,260
263,535
264,358
265,361
266,1324
267,280
268,1195
269,660
270,522
271,46
272,682
273,558
274,1383
275,1272
276,471
277,2873
278,854
279,907
280,285
281,191
282,782
283,33
284,209
285,137
286,60
287,552
288,92
289,764
290,103
291,885
292,288
293,583
294,1041
295,1359
296,522
297,578
298,240
299,3229
300,168
301,514
302,203
303,334
304,101
305,17
306,825
307,830
308,430
309,1203
310,85
311,85
312,8
313,1138
314,116
315,1643
316,1713
317,57
318,1466
319,1606
320,376
321,1272
322,133
323,170
324,36
325,1122
326,708
327,806
328,126
329,169
330,3374
331,1455
332,1339
333,259
334,423
335,14
336,645
337,1495
338,1006
339,211
340,210
341,155
342,219
343,177
344,240
345,202
346,2333
347,1322
348,235
349,247
350,149
351,449
352,267
353,300
354,209
355,1186
356,281
357,1731
358,1154
359,650
360,82
361,819
362,722
363,38
364,442
365,801
366,963
367,62
368,671
369,1426
370,220
371,3938
372,626
373,294
374,222
375,1425
376,300
377,1077
378,174
379,181
380,3727
381,814
382,1072
383,147
384,108
385,2359
386,515
387,2474
388,37
389,167
390,109
391,254
392,153
393,741
394,395
395,661
396,494
397,248
398,1992
399,1177
400,495
401,613
402,125
403,181
404,209
405,470
406,366
407,697
408,829
409,321
410,218
411,329
412,257
413,107
414,275
415,67
416,1752
417,116
418,400
419,859
420,480
421,93
422,790
423,140
424,1040
425,638
426,4134
427,656
428,1636
429,1213
430,1404
431,261
432,298
433,121
434,38
435,1756
436,139
437,3022
438,885
439,270
440,297
441,364
442,2604
443,355
444,491
445,155
446,8
447,684
448,338
449,2223
450,234
451,2711
452,223
453,3189
454,300
455,134
456,98
457,201
458,2145
459,617
460,257
461,38
462,2035
463,258
464,664
465,295
466,1262
467,193
468,2011
469,668
470,731
471,88
472,682
473,475
474,92
475,146
476,204
477,513
478,25
479,104
480,402
481,486
482,1535
483,220
484,1854
485,736
486,96
487,1294
488,3084
489,394
490,430
491,60
492,2142
493,280
494,38
495,846
496,396
497,37
498,3998
499,42
500,1297
501,1848
502,689
503,1087
504,337
505,330
506,138
507,5390
508,503
509,89
510,41
511,722
512,196
513,1518
514,536
515,190
516,251
517,2798
518,264
519,317
520,681
521,1005
522,75
523,1173
524,872
525,674
526,775
527,109
528,1143
529,81
530,192
531,390
532,34
533,2587
534,3246
535,259
536,1309
537,325
538,1339
539,606
540,1208
541,1064
542,1177
543,1274
544,241
545,978
546,22
547,1
548,454
549,284
550,1108
551,829
552,202
553,378
554,1500
555,210
556,110
557,1345
558,119
559,1029
560,2474
561,255
562,256
563,360
564,19
565,620
566,332
567,1528
568,150
569,533
570,186
571,248
572,954
573,366
574,64
575,1220
576,120
577,170
578,1064
579,3535
580,237
581,5009
582,197
583,152
584,757
585,261
586,265
587,278
588,441
589,1117
590,517
591,796
592,165
593,420
594,85
595,60
596,1556
597,828
598,157
599,233
600,680
601,2671
602,616
603,100
604,2358
605,20
606,68
607,4
608,163
609,101
610,791
611,432
612,67
613,864
614,974
615,892
616,138
617,207
618,429
619,395
620,631
621,961
622,37
623,4168
624,245
625,275
626,312
627,2543
628,856
629,814
630,47
631,183
632,361
633,57
634,63
635,2834
636,1012
637,828
638,216
639,503
640,458
641,1383
642,2770
643,739
644,3906
645,382
646,691
647,93
648,181
649,1762
650,1426
651,11
652,204
653,130
654,83
655,77
656,67
657,1662
658,2790
659,744
660,836
661,158
662,176
663,249
664,1400
665,467
666,77
667,164
668,433
669,289
670,1365
671,174
672,401
673,466
674,2027
675,674
676,2465
677,579
678,1036
679,187
680,936
681,952
682,208
683,115
684,117
685,3379
686,1540
687,714
688,517
689,2258
690,263
691,675
692,500
693,1469
694,478
695,256
696,510
697,296
698,815
699,221
700,1178
701,201
702,116
703,331
704,1732
705,359
706,386
707,179
708,1584
709,220
710,1784
711,1756
712,264
713,301
714,370
715,335
716,411
717,177
718,531
719,189
720,153
721,111
722,1272
723,37
724,989
725,718
726,446
727,595
728,2128
729,1040
730,1383
731,201
732,2713
733,1304
734,397
735,113
736,1483
737,406
738,1317
739,66
740,277
741,657
742,952
743,75
744,3825
745,782
746,279
747,380
748,165
749,149
750,146
751,585
752,191
753,340
754,460
755,3567
756,103
757,777
758,441
759,793
760,471
761,150
762,1505
763,77
764,338
765,142
766,413
767,3834
768,2254
769,1674
770,318
771,563
772,875
773,3266
774,222
775,243
776,90
777,598
778,30
779,2272
780,1019
781,2669
782,286
783,740
784,557
785,552
786,393
787,1322
788,124
789,2
790,455
791,265
792,207
793,1769
794,814
795,844
796,30
797,140
798,613
799,405
800,708
801,47
802,91
803,271
804,26
805,1062
806,452
807,124
808,3176
809,1759
810,338
811,512
812,419
813,193
814,579
815,278
816,727
817,535
818,75
819,629
820,112
821,16
822,370
823,217
824,395
825,650
826,2535
827,2104
828,84
829,130
830,97
831,390
832,1332
833,917
834,159
835,1732
836,417
837,138
838,482
839,62
840,3443
841,170
842,323
843,120
844,1652
845,64
846,39
847,153
848,630
849,693
850,316
851,376
852,66
853,323
854,114
855,331
856,1822
857,982
858,65
859,168
860,417
861,70
862,3790
863,161
864,568
865,687
866,194
867,347
868,874
869,970
870,830
871,83
872,111
873,187
874,152
875,264
876,1030
877,440
878,467
879,1925
880,2159
881,345
882,558
883,481
884,134
885,418
886,2187
887,128
888,231
889,366
890,585
891,82
892,1040
893,689
894,427
895,260
896,805
897,1774
898,54
899,364
900,522
901,100
902,553
903,577
904,1549
905,157
906,674
907,3993
908,958
909,349
910,1314
911,117
912,483
913,101
914,56
915,141
916,674
917,460
918,318
919,329
920,242
921,109
922,250
923,1483
924,540
925,310
926,1389
927,365
928,553
929,2726
930,110
931,135
932,1143
933,370
934,38
935,765
936,343
937,510
938,454
939,1046
940,226
941,187
942,1157
943,260
944,1075
945,105
946,104
947,462
948,1024
949,765
950,8
951,143
952,849
953,1397
954,141
955,510
956,58
957,123
958,291
959,740
960,194
961,259
962,770
963,353
964,99
965,1546
966,18
967,446
968,1370
969,313
970,245
971,1432
972,146
973,2005
974,2315
975,478
976,319
977,365
978,126
979,349
980,357
981,5
982,150
983,35
984,877
985,322
986,56
987,1530
988,646
989,975
990,153
991,185
992,55
993,185
994,54
995,72
996,382
997,345
998,947
999,40
1000,138
1001,652
1002,113
1003,174
1004,300
1005,82
1006,391
1007,196
1008,96
1009,1501
1010,16
1011,1421
1012,415
1013,322
1014,374
1015,145
1016,117
1017,99
1018,200
1019,372
1020,620
1021,1156
1022,4332
1023,397
1024,461
1025,551
1026,1933
1027,646
1028,1258
1029,527
1030,211
1031,595
1032,471
1033,39
1034,243
1035,53
1036,872
1037,491
1038,110
1039,89
1040,174
1041,604
1042,946
1043,1421
1044,234
1045,224
1046,48
1047,300
1048,101
1049,95
1050,239
1051,145
1052,221
1053,217
1054,933
1055,943
1056,31
1057,162
1058,261
1059,648
1060,611
1061,506
1062,661
1063,124
1064,2861
1065,147
1066,407
1067,1807
1068,145
1069,264
1070,170
1071,37
1072,637
1073,56
1074,197
1075,40
1076,38
1077,386
1078,457
1079,89
1080,162
1081,378
1082,69
1083,262
1084,338
1085,55
1086,659
1087,184
1088,17
1089,13
1090,170
1091,271
1092,157
1093,1452
1094,73
1095,432
1096,573
1097,156
1098,440
1099,251
1100,622
1101,1004
1102,590
1103,25
1104,575
1105,393
1106,1108
1107,375
1108,477
1109,253
1110,858
1111,28
1112,61
1113,882
1114,519
1115,36
1116,448
1117,88
1118,403
1119,566
1120,478
1121,340
1122,1454
1123,193
1124,194
1125,873
1126,416
1127,1142
1128,1130
1129,304
1130,672
1131,1216
1132,305
1133,56
1134,453
1135,32
1136,75
1137,338
1138,465
1139,304
1140,60
1141,105
1142,208
1143,185
1144,169
1145,564
1146,843
1147,477
1148,890
1149,765
1150,82
1151,1192
1152,715
1153,293
1154,421
1155,920
1156,1154
1157,666
1158,523
1159,342
1160,534
1161,69
1162,1914
1163,204
1164,425
1165,107
1166,3134
1167,384
1168,58
1169,566
1170,271
1171,289
1172,350
1173,1296
1174,200
1175,4032
1176,141
1177,2316
1178,304
1179,2200
1180,68
1181,373
1182,802
1183,620
1184,78
1185,199
1186,82
1187,612
1188,370
1189,47
1190,208
1191,1532
1192,1290
1193,794
1194,390
1195,128
1196,728
1197,1846
1198,2117
1199,303
1200,701
1201,22
1202,281
1203,36
1204,128
1205,61
1206,100
1207,298
1208,346
1209,29
1210,108
1211,7
1212,68
1213,1049
1214,668
1215,2267
1216,155
1217,1074
1218,1689
1219,2238
1220,37
1221,104
1222,2077
1223,165
1224,599
1225,49
1226,914
1227,14
1228,100
1229,30
1230,649
1231,485
1232,434
1233,814
1234,80
1235,361
1236,250
1237,203
1238,174
1239,168
1240,2163
1241,1368
1242,164
1243,732
1244,186
1245,1491
1246,429
1247,174
1248,409
1249,924
1250,359
1251,223
1252,348
1253,542
1254,465
1255,180
1256,2409
1257,691
1258,981
1259,877
1260,494
1261,429
1262,246
1263,441
1264,185
1265,170
1266,1530
1267,476
1268,472
1269,6
1270,582
1271,40
1272,1666
1273,1845
1274,187
1275,94
1276,245
1277,1458
1278,244
1279,170
1280,353
1281,422
1282,101
1283,408
1284,1052
1285,215
1286,180
1287,154
1288,874
1289,690
1290,62
1291,1178
1292,1156
1293,78
1294,268
1295,579
1296,382
1297,46
1298,865
1299,741
1300,699
1301,508
1302,508
1303,38
1304,511
1305,174
1306,2
1307,340
1308,2548
1309,141
1310,1627
1311,128
1312,352
1313,341
1314,1428
1315,245
1316,395
1317,1487
1318,291
1319,890
1320,57
1321,508
1322,1830
1323,123
1324,301
1325,1064
1326,222
1327,542
1328,128
1329,312
1330,1274
1331,812
1332,456
1333,2227
1334,254
1335,383
1336,1063
1337,100
1338,1130
1339,694
1340,499
1341,477
1342,345
1343,387
1344,137
1345,235
1346,1129
1347,203
1348,101
1349,1687
1350,422
1351,45
1352,791
1353,15
1354,559
1355,1081
1356,19
1357,97
1358,395
1359,261
1360,490
1361,112
1362,319
1363,45
1364,125
1365,274
1366,559
1367,662
1368,94
1369,289
1370,61
1371,310
1372,23
1373,415
1374,131
1375,908
1376,1038
1377,74
1378,17
1379,1483
1380,167
1381,462
1382,58
1383,124
1384,383
1385,158
1386,431
1387,2531
1388,53
1389,322
1390,189
1391,1964
1392,281
1393,27
1394,288
1395,665
1396,240
1397,748
1398,217
1399,18
1400,147
1401,211
1402,417
1403,294
1404,153
1405,621
1406,1138
1407,263
1408,44
1409,38
1410,544
1411,200
1412,1857
1413,865
1414,137
1415,1563
1416,59
1417,344
1418,87
1419,1106
1420,916
1421,482
1422,262
1423,827
1424,243
1425,89
1426,76
1427,78
1428,265
1429,1082
1430,1064
1431,278
1432,242
1433,168
1434,67
1435,465
1436,2029
1437,215
1438,2196
1439,273
1440,79
1441,40
1442,238
1443,832
1444,1713
1445,359
1446,200
1447,528
1448,158
1449,340
1450,352
1451,688
1452,47
1453,231
1454,46
1455,32
1456,634
1457,687
1458,627
1459,902
1460,124
1461,32
1462,580
1463,1050
1464,126
1465,1487
1466,103
1467,68
1468,169
1469,97
1470,780
1471,38
1472,149
1473,660
1474,15
1475,259
1476,413
1477,264
1478,441
1479,426
1480,798
1481,666
1482,1142
1483,212
1484,121
1485,1190
1486,137
1487,269
1488,187
1489,243
1490,159
1491,227
1492,829
1493,487
1494,21
1495,428
1496,9
1497,649
1498,209
1499,133
1500,938
1501,154
1502,48
1503,162
1504,104
1505,131
1506,145
1507,48
1508,315
1509,1579
1510,464
1511,373
1512,920
1513,1591
1514,334
1515,438
1516,169
1517,184
1518,128
1519,965
1520,390
1521,143
1522,23
1523,224
1524,484
1525,402
1526,257
1527,39
1528,804
1529,1117
1530,138
1531,266
1532,329
1533,1346
1534,929
1535,347
1536,559
1537,9
1538,1232
1539,521
1540,58
1541,238
1542,302
1543,704
1544,715
1545,371
1546,903
1547,246
1548,351
1549,179
1550,984
1551,29
1552,646
1553,1193
1554,1476
1555,11
1556,1681
1557,441
1558,567
1559,560
1560,121
1561,69
1562,291
1563,24
1564,79
1565,157
1566,1178
1567,422
1568,1234
1569,58
1570,1009
1571,76
1572,867
1573,1523
1574,1056
1575,62
1576,36
1577,168
1578,185
1579,16
1580,354
1581,501
1582,686
1583,247
1584,44
1585,130
1586,240
1587,1861
1588,777
1589,499
1590,868
1591,867
1592,105
1593,176
1594,590
1595,138
1596,489
1597,2700
1598,333
1599,186
1600,165
1601,70
1602,189
1603,55
1604,96
1605,197
1606,360
1607,404
1608,927
1609,1332
1610,234
1611,451
1612,143
1613,368
1614,544
1615,35
1616,99
1617,108
1618,214
1619,319
1620,513
1621,632
1622,68
1623,337
1624,63
1625,109
1626,292
1627,150
1628,702
1629,775
1630,48
1631,276
1632,509
1633,198
1634,35
1635,92
1636,289
1637,1058
1638,432
1639,120
1640,772
1641,463
1642,303
1643,607
1644,425
1645,172
1646,247
1647,483
1648,235
1649,511
1650,100
1651,290
1652,115
1653,448
1654,374
1655,108
1656,1308
1657,239
1658,198
1659,259
1660,700
1661,1465
1662,217
1663,834
1664,444
1665,657
1666,375
1667,250
1668,65
1669,37
1670,227
1671,305
1672,952
1673,655
1674,1152
1675,477
1676,274
1677,197
1678,742
1679,433
1680,1072
1681,560
1682,368
1683,119
1684,407
1685,723
1686,32
1687,170
1688,74
1689,240
1690,573
1691,129
1692,23
1693,76
1694,580
1695,184
1696,235
1697,226
1698,35
1699,621
1700,305
1701,342
1702,223
1703,249
1704,160
1705,298
1706,112
1707,73
1708,670
1709,287
1710,101
1711,164
1712,130
1713,160
1714,225
1715,441
1716,782
1717,190
1718,614
1719,738
1720,63
1721,48
1722,93
1723,630
1724,319
1725,825
1726,445
1727,230
1728,750
1729,1458
1730,553
1731,305
1732,658
1733,26
1734,358
1735,955
1736,99
1737,869
1738,235
1739,132
1740,225
1741,67
1742,17
1743,350
1744,221
1745,760
1746,302
1747,1130
1748,107
1749,358
1750,191
1751,31
1752,421
1753,559
1754,2206
1755,43
1756,426
1757,202
1758,616
1759,114
1760,509
1761,260
1762,616
1763,424
1764,50
1765,259
1766,1464
1767,129
1768,185
1769,286
1770,384
1771,160
1772,637
1773,629
1774,924
1775,274
1776,451
1777,326
1778,170
1779,97
1780,295
1781,972
1782,228
1783,202
1784,57
1785,118
1786,67
1787,214
1788,89
1789,233
1790,56
1791,1471
1792,669
1793,54
1794,79
1795,395
1796,229
1797,169
1798,323
1799,853
1800,157
1801,46
1802,171
1803,338
1804,639
1805,254
1806,468
1807,2438
1808,393
1809,277
1810,289
1811,274
1812,49
1813,568
1814,108
1815,356
1816,409
1817,81
1818,946
1819,757
1820,424
1821,1107
1822,1520
1823,904
1824,108
1825,154
1826,369
1827,410
1828,124
1829,148
1830,193
1831,281
1832,229
1833,242
1834,161
1835,68
1836,255
1837,476
1838,885
1839,469
1840,1263
1841,269
1842,751
1843,261
1844,429
1845,52
1846,812
1847,670
1848,90
1849,783
1850,298
1851,488
1852,239
1853,362
1854,464
1855,205
1856,376
1857,629
1858,75
1859,64
1860,37
1861,11
1862,131
1863,212
1864,101
1865,113
1866,153
1867,401
1868,268
1869,283
1870,593
1871,27
1872,464
1873,212
1874,508
1875,627
1876,228
1877,349
1878,840
1879,192
1880,283
1881,596
1882,275
1883,957
1884,224
1885,376
1886,150
1887,72
1888,440
1889,619
1890,253
1891,934
1892,181
1893,113
1894,7
1895,176
1896,441
1897,142
1898,407
1899,57
1900,103
1901,524
1902,56
1903,160
1904,14
1905,125
1906,187
1907,435
1908,156
1909,309
1910,364
1911,594
1912,641
1913,1752
1914,812
1915,117
1916,40
1917,110
1918,78
1919,257
1920,280
1921,532
1922,332
1923,48
1924,26
1925,710
1926,934
1927,147
1928,472
1929,177
1930,62
1931,536
1932,228
1933,1195
1934,139
1935,350
1936,194
1937,46
1938,133
1939,397
1940,202
1941,812
1942,893
1943,266
1944,270
1945,321
1946,272
1947,216
1948,11
1949,242
1950,1220
1951,121
1952,728
1953,68
1954,338
1955,463
1956,669
1957,114
1958,159
1959,637
1960,307
1961,269
1962,894
1963,413
1964,176
1965,377
1966,330
1967,141
1968,848
1969,91
1970,322
1971,313
1972,338
1973,39
1974,46
1975,874
1976,199
1977,62
1978,371
1979,43
1980,470
1981,261
1982,562
1983,618
1984,251
1985,737
1986,83
1987,339
1988,53
1989,213
1990,970
1991,181
1992,426
1993,93
1994,336
1995,402
1996,1186
1997,325
1998,494
1999,124
2000,457
2001,1222
2002,143
2003,235
2004,100
2005,282
2006,211
2007,336
2008,114
2009,503
2010,19
2011,200
2012,248
2013,122
2014,510
2015,281
2016,212
2017,190
2018,78
2019,225
2020,245
2021,453
2022,170
2023,65
2024,113
2025,137
2026,45
2027,70
2028,762
2029,761
2030,42
2031,161
2032,104
2033,134
2034,177
2035,153
2036,203
2037,256
2038,1010
2039,553
2040,681
2041,619
2042,350
2043,402
2044,323
2045,213
2046,317
2047,708
2048,515
2049,35
2050,18
2051,254
2052,131
2053,627
2054,696
2055,430
2056,558
2057,159
2058,275
2059,986
2060,826
2061,309
2062,297
2063,111
2064,42
2065,581
2066,931
2067,245
2068,234
2069,161
2070,154
2071,51
2072,277
2073,753
2074,39
2075,118
2076,89
2077,146
2078,363
2079,237
2080,45
2081,492
2082,171
2083,1051
2084,311
2085,28
2086,71
2087,99
2088,49
2089,24
2090,571
2091,144
2092,199
2093,595
2094,274
2095,375
2096,340
2097,419
2098,99
2099,246
2100,747
2101,291
2102,121
2103,182
2104,107
2105,1540
2106,16
2107,537
2108,67
2109,90
2110,329
2111,289
2112,634
2113,246
2114,142
2115,316
2116,65
2117,61
2118,156
2119,27
2120,603
2121,616
2122,114
2123,788
2124,55
2125,504
2126,715
2127,172
2128,415
2129,525
2130,886
2131,209
2132,294
2133,635
2134,96
2135,422
2136,445
2137,587
2138,488
2139,1970
2140,45
2141,331
2142,852
2143,496
2144,146
2145,246
2146,413
2147,44
2148,130
2149,475
2150,100
2151,373
2152,149
2153,167
2154,270
2155,793
2156,1102
2157,25
2158,463
2159,156
2160,463
2161,1260
2162,213
2163,137
2164,391
2165,128
2166,8
2167,14
2168,41
2169,448
2170,286
2171,237
2172,379
2173,49
2174,47
2175,128
2176,1744
2177,98
2178,248
2179,937
2180,333
2181,48
2182,504
2183,130
2184,188
2185,1038
2186,55
2187,304
2188,145
2189,1435
2190,217
2191,310
2192,616
2193,225
2194,124
2195,28
2196,208
2197,162
2198,456
2199,87
2200,775
2201,67
2202,345
2203,177
2204,3
2205,276
2206,828
2207,410
2208,128
2209,394
2210,434
2211,145
2212,377
2213,81
2214,436
2215,203
2216,150
2217,608
2218,996
2219,3
2220,134
2221,207
2222,204
2223,209
2224,234
2225,27
2226,561
2227,55
2228,425
2229,161
2230,144
2231,593
2232,158
2233,559
2234,112
2235,695
2236,72
2237,73
2238,2113
2239,23
2240,498
2241,985
2242,438
2243,1114
2244,27
2245,672
2246,742
2247,195
2248,550
2249,67
2250,527
2251,92
2252,266
2253,32
2254,669
2255,229
2256,441
2257,138
2258,345
2259,88
2260,762
2261,223
2262,50
2263,160
2264,226
2265,64
2266,78
2267,273
2268,274
2269,531
2270,155
2271,475
2272,1616
2273,209
2274,374
2275,50
2276,38
2277,566
2278,53
2279,98
2280,271
2281,463
2282,28
2283,219
2284,370
2285,111
2286,411
2287,722
2288,904
2289,226
2290,185
2291,141
2292,224
2293,247
2294,212
2295,190
2296,78
2297,286
2298,284
2299,32
2300,120
2301,886
2302,288
2303,131
2304,774
2305,129
2306,259
2307,159
2308,292
2309,227
2310,1141
2311,43
2312,359
2313,69
2314,94
2315,85
2316,302
2317,259
2318,268
2319,451
2320,818
2321,809
2322,236
2323,394
2324,134
2325,622
2326,131
2327,118
2328,83
2329,53
2330,117
2331,490
2332,177
2333,288
2334,304
2335,247
2336,301
2337,95
2338,266
2339,119
2340,925
2341,31
2342,667
2343,174
2344,129
2345,81
2346,293
2347,155
2348,308
2349,96
2350,684
2351,547
2352,1523
2353,266
2354,411
2355,626
2356,226
2357,533
2358,523
2359,252
2360,55
2361,537
2362,23
2363,25
2364,779
2365,141
2366,205
2367,583
2368,191
2369,119
2370,410
2371,174
2372,84
2373,699
2374,70
2375,274
2376,48
2377,636
2378,224
2379,161
2380,271
2381,187
2382,153
2383,1944
2384,199
2385,211
2386,577
2387,368
2388,59
2389,363
2390,742
2391,51
2392,59
2393,269
2394,400
2395,626
2396,367
2397,291
2398,334
2399,210
2400,285
2401,404
2402,74
2403,325
2404,313
2405,534
2406,636
2407,158
2408,226
2409,343
2410,986
2411,137
2412,1317
2413,99
2414,181
2415,516
2416,107
2417,1139
2418,795
2419,373
2420,100
2421,765
2422,369
2423,524
2424,53
2425,20
2426,251
2427,849
2428,82
2429,95
2430,32
2431,283
2432,108
2433,483
2434,646
2435,151
2436,491
2437,85
2438,184
2439,227
2440,282
2441,268
2442,143
2443,247
2444,229
2445,1290
2446,160
2447,89
2448,235
2449,172
2450,909
2451,424
2452,235
2453,509
2454,669
2455,208
2456,291
2457,93
2458,248
2459,212
2460,212
2461,135
2462,132
2463,86
2464,927
2465,352
2466,131
2467,997
2468,222
2469,323
2470,158
2471,87
2472,234
2473,587
2474,208
2475,376
2476,83
2477,184
2478,499
2479,145
2480,17
2481,247
2482,238
2483,539
2484,489
2485,346
2486,223
2487,75
2488,815
2489,242
2490,294
2491,7
2492,117
2493,842
2494,168
2495,15
2496,856
2497,386
2498,170
2499,25
2500,989
2501,106
2502,177
2503,122
2504,172
2505,404
2506,307
2507,24
2508,128
2509,865
2510,45
2511,46
2512,310
2513,438
2514,10
2515,86
2516,65
2517,411
2518,266
2519,95
2520,66
2521,121
2522,444
2523,213
2524,85
2525,160
2526,260
2527,138
2528,306
2529,187
2530,422
2531,39
2532,29
2533,111
2534,509
2535,135
2536,689
2537,232
2538,222
2539,42
2540,309
2541,608
2542,151
2543,622
2544,253
2545,125
2546,458
2547,569
2548,37
2549,235
2550,365
2551,149
2552,11
2553,254
2554,39
2555,239
2556,139
2557,165
2558,106
2559,357
2560,21
2561,159
2562,146
2563,135
2564,501
2565,430
2566,13
2567,251
2568,660
2569,192
2570,824
2571,157
2572,282
2573,271
2574,21
2575,172
2576,209
2577,129
2578,155
2579,18
2580,178
2581,8
2582,153
2583,156
2584,133
2585,282
2586,128
2587,329
2588,811
2589,49
2590,270
2591,291
2592,189
2593,38
2594,488
2595,102
2596,11
2597,418
2598,88
2599,347
2600,650
2601,574
2602,114
2603,495
2604,204
2605,38
2606,296
2607,239
2608,18
2609,103
2610,244
2611,247
2612,93
2613,413
2614,122
2615,301
2616,1132
2617,879
2618,432
2619,75
2620,265
2621,200
2622,140
2623,39
2624,106
2625,149
2626,235
2627,349
2628,34
2629,88
2630,323
2631,162
2632,332
2633,85
2634,850
2635,69
2636,514
2637,34
2638,58
2639,5
2640,456
2641,157
2642,170
2643,133
2644,50
2645,156
2646,22
2647,790
2648,586
2649,105
2650,58
2651,8
2652,450
2653,741
2654,469
2655,119
2656,131
2657,227
2658,163
2659,477
2660,97
2661,736
2662,809
2663,424
2664,205
2665,295
2666,360
2667,260
2668,89
2669,56
2670,44
2671,184
2672,196
2673,79
2674,526
2675,18
2676,489
2677,445
2678,171
2679,315
2680,254
2681,839
2682,326
2683,304
2684,683
2685,286
2686,151
2687,731
2688,389
2689,160
2690,445
2691,39
2692,131
2693,705
2694,352
2695,144
2696,1957
2697,428
2698,1081
2699,167
2700,197
2701,224
2702,320
2703,139
2704,22
2705,102
2706,99
2707,148
2708,892
2709,87
2710,218
2711,163
2712,607
2713,81
2714,245
2715,223
2716,277
2717,700
2718,190
2719,86
2720,14
2721,76
2722,823
2723,264
2724,239
2725,4
2726,141
2727,81
2728,320
2729,256
2730,201
2731,872
2732,326
2733,74
2734,145
2735,250
2736,319
2737,163
2738,275
2739,466
2740,871
2741,336
2742,252
2743,219
2744,139
2745,243
2746,154
2747,212
2748,986
2749,51
2750,86
2751,210
2752,773
2753,133
2754,188
2755,43
2756,89
2757,147
2758,1092
2759,214
2760,126
2761,127
2762,222
2763,121
2764,119
2765,241
2766,46
2767,313
2768,17
2769,285
2770,247
2771,257
2772,277
2773,218
2774,203
2775,631
2776,12
2777,723
2778,273
2779,730
2780,78
2781,276
2782,196
2783,222
2784,341
2785,143
2786,59
2787,1089
2788,110
2789,1061
2790,134
2791,1075
2792,322
2793,215
2794,528
2795,49
2796,124
2797,65
2798,122
2799,48
2800,141
2801,107
2802,167
2803,167
2804,435
2805,406
2806,32
2807,179
2808,190
2809,435
2810,286
2811,975
2812,13
2813,170
2814,337
2815,182
2816,60
2817,243
2818,308
2819,715
2820,489
2821,186
2822,132
2823,286
2824,228
2825,33
2826,126
2827,248
2828,108
2829,423
2830,50
2831,178
2832,145
2833,100
2834,196
2835,463
2836,13
2837,333
2838,26
2839,114
2840,19
2841,225
2842,299
2843,361
2844,255
2845,151
2846,236
2847,310
2848,362
2849,115
2850,506
2851,161
2852,136
2853,104
2854,627
2855,98
2856,364
2857,515
2858,371
2859,72
2860,238
2861,46
2862,69
2863,37
2864,82
2865,563
2866,84
2867,210
2868,407
2869,253
2870,114
2871,281
2872,8
2873,102
2874,272
2875,196
2876,522
2877,485
2878,158
2879,852
2880,68
2881,61
2882,1072
2883,479
2884,195
2885,89
2886,142
2887,65
2888,234
2889,36
2890,1323
2891,58
2892,553
2893,695
2894,57
2895,242
2896,174
2897,903
2898,503
2899,27
2900,348
2901,753
2902,18
2903,783
2904,121
2905,117
2906,51
2907,30
2908,513
2909,127
2910,582
2911,411
2912,272
2913,114
2914,54
2915,217
2916,156
2917,371
2918,518
2919,115
2920,133
2921,190
2922,1227
2923,193
2924,90
2925,21
2926,121
2927,42
2928,22
2929,695
2930,98
2931,499
2932,511
2933,144
2934,216
2935,94
2936,389
2937,152
2938,371
2939,198
2940,51
2941,167
2942,87
2943,250
2944,110
2945,118
2946,829
2947,277
2948,14
2949,48
2950,391
2951,39
2952,454
2953,183
2954,752
2955,564
2956,84
2957,741
2958,57
2959,52
2960,216
2961,172
2962,53
2963,261
2964,412
2965,207
2966,431
2967,214
2968,233
2969,23
2970,150
2971,10
2972,147
2973,8
2974,364
2975,134
2976,100
2977,152
2978,107
2979,152
2980,296
2981,191
2982,147
2983,274
2984,52
2985,575
2986,408
2987,19
2988,115
2989,196
2990,179
2991,429
2992,238
2993,159
2994,296
2995,521
2996,278
2997,179
2998,137
2999,4
3000,166
3001,145
3002,427
3003,249
3004,51
3005,272
3006,7
3007,284
3008,69
3009,163
3010,211
3011,122
3012,404
3013,123
3014,17
3015,340
3016,641
3017,116
3018,143
3019,670
3020,199
3021,57
3022,254
3023,556
3024,118
3025,150
3026,342
3027,668
3028,394
3029,386
3030,585
3031,207
3032,471
3033,339
3034,461
3035,36
3036,160
3037,314
3038,204
3039,363
3040,203
3041,318
3042,297
3043,248
3044,374
3045,312
3046,380
3047,226
3048,28
3049,218
3050,139
3051,162
3052,184
3053,258
3054,683
3055,247
3056,646
3057,552
3058,256
3059,698
3060,181
3061,378
3062,47
3063,287
3064,176
3065,107
3066,67
3067,623
3068,793
3069,71
3070,268
3071,392
3072,72
3073,151
3074,85
3075,421
3076,45
3077,126
3078,25
3079,242
3080,66
3081,578
3082,195
3083,51
3084,88
3085,258
3086,527
3087,203
3088,433
3089,68
3090,206
3091,530
3092,6
3093,601
3094,348
3095,520
3096,81
3097,356
3098,399
3099,185
3100,361
3101,225
3102,325
3103,149
3104,311
3105,114
3106,212
3107,103
3108,107
3109,472
3110,165
3111,25
3112,140
3113,9
3114,136
3115,165
3116,710
3117,264
3118,134
3119,136
3120,44
3121,365
3122,113
3123,68
3124,245
3125,81
3126,557
3127,1189
3128,266
3129,63
3130,19
3131,277
3132,137
3133,72
3134,56
3135,274
3136,59
3137,145
3138,9
3139,554
3140,28
3141,77
3142,137
3143,75
3144,26
3145,314
3146,245
3147,248
3148,220
3149,30
3150,88
3151,78
3152,56
3153,79
3154,161
3155,420
3156,133
3157,111
3158,285
3159,111
3160,189
3161,114
3162,73
3163,558
3164,204
3165,21
3166,409
3167,73
3168,96
3169,82
3170,167
3171,739
3172,355
3173,84
3174,119
3175,69
3176,506
3177,451
3178,225
3179,204
3180,52
3181,198
3182,94
3183,255
3184,125
3185,199
3186,259
3187,95
3188,112
3189,179
3190,247
3191,97
3192,430
3193,173
3194,265
3195,41
3196,95
3197,459
3198,357
3199,234
3200,10
3201,262
3202,107
3203,133
3204,101
3205,441
3206,117
3207,20
3208,963
3209,127
3210,355
3211,154
3212,166
3213,377
3214,468
3215,152
3216,47
3217,94
3218,390
3219,121
3220,171
3221,416
3222,739
3223,115
3224,63
3225,120
3226,241
3227,45
3228,21
3229,397
3230,546
3231,279
3232,326
3233,96
3234,209
3235,157
3236,73
3237,293
3238,180
3239,606
3240,136
3241,316
3242,786
3243,78
3244,458
3245,205
3246,66
3247,50
3248,224
3249,47
3250,52
3251,787
3252,257
3253,735
3254,391
3255,332
3256,18
3257,79
3258,94
3259,148
3260,1012
3261,165
3262,127
3263,101
3264,717
3265,129
3266,437
3267,160
3268,83
3269,64
3270,294
3271,86
3272,86
3273,255
3274,154
3275,133
3276,536
3277,62
3278,477
3279,99
3280,315
3281,232
3282,101
3283,312
3284,2
3285,294
3286,46
3287,7
3288,22
3289,260
3290,283
3291,27
3292,72
3293,108
3294,198
3295,68
3296,68
3297,106
3298,69
3299,52
3300,568
3301,12
3302,230
3303,289
3304,98
3305,34
3306,381
3307,261
3308,84
3309,249
3310,39
3311,354
3312,390
3313,40
3314,82
3315,6
3316,399
3317,522
3318,126
3319,202
3320,18
3321,335
3322,43
3323,39
3324,228
3325,29
3326,243
3327,621
3328,149
3329,138
3330,140
3331,183
3332,357
3333,157
3334,222
3335,25
3336,90
3337,26
3338,169
3339,166
3340,614
3341,465
3342,324
3343,31
3344,428
3345,194
3346,340
3347,83
3348,206
3349,461
3350,157
3351,159
3352,95
3353,295
3354,29
3355,270
3356,468
3357,214
3358,814
3359,423
3360,210
3361,190
3362,172
3363,500
3364,480
3365,64
3366,581
3367,77
3368,64
3369,41
3370,248
3371,657
3372,150
3373,35
3374,283
3375,14
3376,268
3377,39
3378,196
3379,3
3380,236
3381,351
3382,520
3383,317
3384,1037
3385,81
3386,131
3387,248
3388,141
3389,98
3390,13
3391,566
3392,12
3393,77
3394,155
3395,132
3396,550
3397,77
3398,329
3399,297
3400,13
3401,290
3402,125
3403,185
3404,125
3405,181
3406,68
3407,283
3408,143
3409,2
3410,357
3411,1133
3412,91
3413,85
3414,278
3415,103
3416,504
3417,106
3418,19
3419,3
3420,552
3421,171
3422,181
3423,467
3424,92
3425,131
3426,127
3427,266
3428,178
3429,40
3430,148
3431,272
3432,301
3433,85
3434,66
3435,225
3436,204
3437,142
3438,581
3439,318
3440,383
3441,58
3442,72
3443,139
3444,21
3445,140
3446,75
3447,26
3448,155
3449,796
3450,660
3451,368
3452,489
3453,146
3454,362
3455,205
3456,231
3457,394
3458,48
3459,302
3460,97
3461,42
3462,35
3463,80
3464,150
3465,96
3466,96
3467,44
3468,55
3469,715
3470,105
3471,369
3472,76
3473,155
3474,185
3475,235
3476,12
3477,74
3478,173
3479,503
3480,253
3481,166
3482,227
3483,128
3484,11
3485,258
3486,55
3487,151
3488,432
3489,176
3490,64
3491,191
3492,26
3493,94
3494,68
3495,61
3496,151
3497,48
3498,51
3499,767
3500,715
3501,620
3502,98
3503,9
3504,611
3505,153
3506,103
3507,40
3508,571
3509,378
3510,168
3511,24
3512,48
3513,52
3514,25
3515,561
3516,49
3517,175
3518,167
3519,68
3520,330
3521,228
3522,337
3523,371
3524,169
3525,94
3526,25
3527,216
3528,14
3529,262
3530,36
3531,66
3532,67
3533,49
3534,432
3535,103
3536,484
3537,123
3538,328
3539,53
3540,86
3541,295
3542,214
3543,139
3544,324
3545,7
3546,1521
3547,214
3548,182
3549,81
3550,301
3551,344
3552,272
3553,206
3554,246
3555,492
3556,136
3557,294
3558,66
3559,311
3560,109
3561,236
3562,211
3563,75
3564,285
3565,229
3566,344
3567,43
3568,64
3569,61
3570,144
3571,32
3572,65
3573,134
3574,247
3575,45
3576,108
3577,471
3578,84
3579,85
3580,384
3581,23
3582,116
3583,216
3584,85
3585,89
3586,335
3587,69
3588,422
3589,80
3590,61
3591,803
3592,86
3593,203
3594,586
3595,341
3596,101
3597,4
3598,96
3599,96
3600,38
3601,242
3602,122
3603,165
3604,735
3605,505
3606,98
3607,103
3608,230
3609,140
3610,17
3611,318
3612,251
3613,126
3614,163
3615,224
3616,251
3617,348
3618,134
3619,479
3620,125
3621,105
3622,53
3623,111
3624,33
3625,31
3626,389
3627,93
3628,32
3629,216
3630,712
3631,468
3632,117
3633,55
3634,112
3635,50
3636,25
3637,296
3638,467
3639,210
3640,391
3641,13
3642,47
3643,303
3644,14
3645,236
3646,208
3647,32
3648,109
3649,66
3650,382
3651,64
3652,128
3653,20
3654,24
3655,125
3656,116
3657,267
3658,271
3659,285
3660,84
3661,256
3662,552
3663,61
3664,850
3665,96
3666,252
3667,118
3668,702
3669,282
3670,151
3671,342
3672,594
3673,193
3674,568
3675,9
3676,64
3677,175
3678,26
3679,126
3680,32
3681,135
3682,208
3683,55
3684,101
3685,66
3686,226
3687,225
3688,421
3689,170
3690,56
3691,169
3692,14
3693,75
3694,161
3695,480
3696,11
3697,224
3698,78
3699,829
3700,304
3701,255
3702,134
3703,44
3704,384
3705,111
3706,612
3707,193
3708,515
3709,166
3710,111
3711,246
3712,63
3713,712
3714,132
3715,521
3716,456
3717,128
3718,651
3719,300
3720,188
3721,443
3722,31
3723,214
3724,56
3725,80
3726,3
3727,31
3728,76
3729,55
3730,57
3731,509
3732,55
3733,350
3734,178
3735,111
3736,161
3737,164
3738,70
3739,123
3740,307
3741,52
3742,452
3743,79
3744,89
3745,221
3746,113
3747,452
3748,324
3749,317
3750,160
3751,231
3752,173
3753,132
3754,36
3755,109
3756,183
3757,106
3758,173
3759,65
3760,138
3761,142
3762,331
3763,24
3764,34
3765,838
3766,103
3767,193
3768,268
3769,173
3770,46
3771,24
3772,213
3773,90
3774,195
3775,145
3776,70
3777,48
3778,198
3779,290
3780,203
3781,85
3782,19
3783,94
3784,152
3785,54
3786,135
3787,174
3788,49
3789,55
3790,431
3791,244
3792,181
3793,154
3794,772
3795,20
3796,231
3797,32
3798,186
3799,115
3800,53
3801,689
3802,162
3803,414
3804,34
3805,20
3806,123
3807,64
3808,118
3809,184
3810,150
3811,181
3812,391
3813,37
3814,196
3815,348
3816,83
3817,75
3818,167
3819,288
3820,329
3821,68
3822,290
3823,334
3824,211
3825,205
3826,34
3827,352
3828,55
3829,434
3830,143
3831,51
3832,160
3833,166
3834,274
3835,96
3836,168
3837,278
3838,426
3839,295
3840,214
3841,46
3842,203
3843,11
3844,114
3845,13
3846,182
3847,384
3848,457
3849,49
3850,31
3851,123
3852,193
3853,73
3854,111
3855,142
3856,124
3857,281
3858,274
3859,8
3860,691
3861,145
3862,140
3863,106
3864,84
3865,250
3866,260
3867,222
3868,86
3869,32
3870,61
3871,57
3872,198
3873,85
3874,130
3875,332
3876,54
3877,80
3878,87
3879,8
3880,77
3881,142
3882,40
3883,115
3884,172
3885,250
3886,83
3887,285
3888,82
3889,20
3890,21
3891,82
3892,128
3893,17
3894,73
3895,60
3896,80
3897,234
3898,279
3899,123
3900,290
3901,165
3902,363
3903,86
3904,150
3905,98
3906,70
3907,344
3908,408
3909,35
3910,26
3911,296
3912,113
3913,88
3914,25
3915,9
3916,82
3917,197
3918,669
3919,55
3920,246
3921,104
3922,338
3923,72
3924,70
3925,28
3926,171
3927,296
3928,162
3929,172
3930,53
3931,149
3932,33
3933,120
3934,19
3935,118
3936,16
3937,492
3938,350
3939,37
3940,29
3941,97
3942,210
3943,134
3944,230
3945,28
3946,52
3947,94
3948,23
3949,54
3950,83
3951,206
3952,65
3953,239
3954,141
3955,83
3956,92
3957,150
3958,176
3959,313
3960,279
3961,63
3962,48
3963,106
3964,41
3965,265
3966,85
3967,24
3968,43
3969,197
3970,143
3971,65
3972,45
3973,70
3974,245
3975,62
3976,154
3977,96
3978,243
3979,336
3980,360
3981,37
3982,238
3983,366
3984,161
3985,59
3986,257
3987,391
3988,254
3989,188
3990,32
3991,313
3992,233
3993,80
3994,277
3995,69
3996,518
3997,363
3998,89
3999,208
4000,69
4001,428
4002,81
4003,477
4004,13
4005,76
4006,148
4007,187
4008,132
4009,290
4010,6
4011,94
4012,43
4013,319
4014,45
4015,295
4016,359
4017,48
4018,256
4019,187
4020,59
4021,231
4022,143
4023,188
4024,238
4025,328
4026,17
4027,69
4028,141
4029,575
4030,23
4031,62
4032,90
4033,152
4034,374
4035,28
4036,22
4037,32
4038,640
4039,169
4040,870
4041,156
4042,17
4043,47
4044,127
4045,315
4046,345
4047,596
4048,158
4049,96
4050,35
4051,45
4052,57
4053,148
4054,82
4055,286
4056,138
4057,33
4058,184
4059,167
4060,366
4061,71
4062,150
4063,364
4064,23
4065,293
4066,21
4067,125
4068,81
4069,92
4070,167
4071,89
4072,179
4073,175
4074,48
4075,14
4076,112
4077,21
4078,182
4079,239
4080,17
4081,95
4082,8
4083,429
4084,436
4085,44
4086,206
4087,16
4088,288
4089,87
4090,64
4091,83
4092,42
4093,146
4094,208
4095,123
4096,53
4097,148
4098,124
4099,19
4100,131
4101,244
4102,244
4103,26
4104,39
4105,440
4106,70
4107,113
4108,98
4109,39
4110,134
4111,72
4112,238
4113,67
4114,119
4115,500
4116,80
4117,106
4118,202
4119,139
4120,56
4121,196
4122,85
4123,100
4124,224
4125,21
4126,271
4127,78
4128,427
4129,23
4130,400
4131,87
4132,136
4133,17
4134,29
4135,43
4136,23
4137,106
4138,145
4139,617
4140,262
4141,213
4142,144
4143,272
4144,77
4145,124
4146,229
4147,131
4148,31
4149,90
4150,160
4151,30
4152,56
4153,38
4154,68
4155,48
4156,76
4157,101
4158,394
4159,184
4160,72
4161,84
4162,38
4163,193
4164,372
4165,81
4166,186
4167,389
4168,192
4169,108
4170,105
4171,110
4172,513
4173,131
4174,626
4175,120
4176,88
4177,300
4178,180
4179,142
4180,58
4181,20
4182,56
4183,125
4184,130
4185,350
4186,15
4187,107
4188,273
4189,37
4190,58
4191,132
4192,119
4193,139
4194,346
4195,391
4196,97
4197,53
4198,581
4199,84
4200,86
4201,71
4202,87
4203,83
4204,260
4205,85
4206,208
4207,249
4208,59
4209,20
4210,56
4211,181
4212,212
4213,141
4214,691
4215,195
4216,107
4217,33
4218,31
4219,345
4220,92
4221,193
4222,50
4223,336
4224,21
4225,56
4226,50
4227,185
4228,118
4229,393
4230,33
4231,141
4232,43
4233,170
4234,30
4235,11
4236,44
4237,93
4238,870
4239,90
4240,662
4241,250
4242,19
4243,53
4244,58
4245,149
4246,44
4247,38
4248,57
4249,36
4250,46
4251,79
4252,376
4253,279
4254,53
4255,257
4256,165
4257,54
4258,388
4259,243
4260,57
4261,255
4262,356
4263,292
4264,21
4265,662
4266,37
4267,44
4268,81
4269,21
4270,39
4271,17
4272,172
4273,82
4274,126
4275,61
4276,83
4277,82
4278,50
4279,156
4280,77
4281,23
4282,86
4283,18
4284,92
4285,394
4286,33
4287,96
4288,536
4289,199
4290,209
4291,218
4292,220
4293,30
4294,97
4295,400
4296,31
4297,72
4298,181
4299,139
4300,28
4301,368
4302,488
4303,72
4304,126
4305,31
4306,106
4307,22
4308,50
4309,63
4310,137
4311,12
4312,350
4313,67
4314,58
4315,8
4316,197
4317,398
4318,36
4319,85
4320,77
4321,37
4322,190
4323,210
4324,479
4325,224
4326,153
4327,137
4328,93
4329,113
4330,47
4331,272
4332,96
4333,9
4334,403
4335,47
4336,85
4337,123
4338,174
4339,193
4340,178
4341,142
4342,168
4343,336
4344,758
4345,85
4346,265
4347,355
4348,67
4349,55
4350,39
4351,51
4352,63
4353,176
4354,175
4355,72
4356,156
4357,215
4358,233
4359,226
4360,27
4361,268
4362,35
4363,71
4364,238
4365,362
4366,175
4367,115
4368,37
4369,111
4370,40
4371,54
4372,151
4373,529
4374,17
4375,236
4376,391
4377,167
4378,42
4379,110
4380,659
4381,91
4382,323
4383,205
4384,128
4385,144
4386,134
4387,28
4388,446
4389,39
4390,43
4391,415
4392,178
4393,128
4394,27
4395,509
4396,133
4397,214
4398,248
4399,500
4400,287
4401,4
4402,70
4403,540
4404,134
4405,120
4406,224
4407,16
4408,22
4409,61
4410,149
4411,94
4412,78
4413,149
4414,195
4415,58
4416,287
4417,56
4418,121
4419,418
4420,44
4421,230
4422,83
4423,38
4424,123
4425,82
4426,208
4427,39
4428,268
4429,51
4430,535
4431,82
4432,62
4433,192
4434,26
4435,76
4436,53
4437,101
4438,323
4439,482
4440,195
4441,78
4442,181
4443,471
4444,113
4445,138
4446,209
4447,193
4448,27
4449,66
4450,111
4451,101
4452,402
4453,37
4454,174
4455,184
4456,266
4457,99
4458,253
4459,188
4460,272
4461,297
4462,173
4463,106
4464,538
4465,288
4466,47
4467,174
4468,101
4469,33
4470,270
4471,136
4472,241
4473,366
4474,296
4475,121
4476,255
4477,112
4478,18
4479,73
4480,52
4481,22
4482,127
4483,228
4484,28
4485,283
4486,104
4487,178
4488,90
4489,48
4490,5
4491,54
4492,15
4493,26
4494,211
4495,27
4496,13
4497,78
4498,16
4499,74
4500,232
4501,126
4502,38
4503,175
4504,104
4505,130
4506,34
4507,232
4508,95
4509,16
4510,127
4511,168
4512,72
4513,111
4514,80
4515,25
4516,133
4517,46
4518,112
4519,64
4520,107
4521,58
4522,237
4523,88
4524,33
4525,43
4526,405
4527,580
4528,185
4529,133
4530,20
4531,142
4532,16
4533,381
4534,20
4535,100
4536,88
4537,309
4538,108
4539,84
4540,81
4541,72
4542,20
4543,31
4544,111
4545,221
4546,47
4547,43
4548,84
4549,121
4550,218
4551,394
4552,89
4553,111
4554,258
4555,10
4556,178
4557,172
4558,189
4559,510
4560,356
4561,34
4562,32
4563,32
4564,101
4565,100
4566,304
4567,74
4568,35
4569,392
4570,139
4571,316
4572,28
4573,21
4574,113
4575,267
4576,237
4577,41
4578,4
4579,135
4580,59
4581,85
4582,247
4583,103
4584,479
4585,575
4586,11
4587,509
4588,551
4589,90
4590,61
4591,183
4592,77
4593,160
4594,217
4595,17
4596,260
4597,139
4598,157
4599,292
4600,303
4601,103
4602,315
4603,23
4604,130
4605,75
4606,96
4607,156
4608,331
4609,157
4610,78
4611,219
4612,273
4613,104
4614,201
4615,47
4616,108
4617,331
4618,48
4619,238
4620,103
4621,11
4622,595
4623,135
4624,81
4625,151
4626,305
4627,256
4628,5
4629,276
4630,21
4631,102
4632,32
4633,664
4634,235
4635,460
4636,23
4637,716
4638,66
4639,308
4640,102
4641,347
4642,74
4643,306
4644,474
4645,13
4646,86
4647,226
4648,18
4649,161
4650,54
4651,803
4652,14
4653,75
4654,189
4655,2
4656,43
4657,164
4658,232
4659,6
4660,180
4661,21
4662,298
4663,44
4664,37
4665,181
4666,323
4667,443
4668,135
4669,60
4670,124
4671,90
4672,73
4673,169
4674,65
4675,86
4676,398
4677,285
4678,256
4679,38
4680,249
4681,66
4682,210
4683,109
4684,43
4685,130
4686,97
4687,88
4688,296
4689,38
4690,172
4691,31
4692,84
4693,325
4694,27
4695,147
4696,333
4697,41
4698,44
4699,367
4700,59
4701,162
4702,656
4703,158
4704,103
4705,134
4706,147
4707,60
4708,239
4709,226
4710,119
4711,39
4712,81
4713,85
4714,55
4715,195
4716,53
4717,105
4718,36
4719,199
4720,37
4721,151
4722,475
4723,45
4724,38
4725,267
4726,338
4727,224
4728,205
4729,336
4730,19
4731,291
4732,135
4733,365
4734,44
4735,181
4736,91
4737,40
4738,98
4739,277
4740,61
4741,25
4742,151
4743,18
4744,60
4745,179
4746,15
4747,200
4748,25
4749,41
4750,35
4751,31
4752,80
4753,48
4754,118
4755,31
4756,25
4757,74
4758,125
4759,15
4760,3
4761,21
4762,116
4763,16
4764,195
4765,330
4766,28
4767,250
4768,29
4769,169
4770,70
4771,16
4772,69
4773,63
4774,517
4775,23
4776,181
4777,253
4778,283
4779,1026
4780,95
4781,159
4782,295
4783,10
4784,286
4785,65
4786,124
4787,278
4788,102
4789,85
4790,248
4791,208
4792,57
4793,466
4794,372
4795,125
4796,81
4797,77
4798,292
4799,47
4800,332
4801,120
4802,198
4803,43
4804,453
4805,369
4806,118
4807,37
4808,27
4809,104
4810,37
4811,66
4812,56
4813,22
4814,69
4815,7
4816,83
4817,181
4818,13
4819,76
4820,194
4821,186
4822,95
4823,156
4824,262
4825,81
4826,19
4827,28
4828,151
4829,128
4830,24
4831,56
4832,196
4833,31
4834,489
4835,261
4836,161
4837,152
4838,26
4839,48
4840,33
4841,67
4842,67
4843,180
4844,186
4845,114
4846,12
4847,116
4848,80
4849,148
4850,137
4851,63
4852,64
4853,121
4854,5
4855,262
4856,89
4857,64
4858,178
4859,113
4860,116
4861,207
4862,451
4863,305
4864,342
4865,421
4866,149
4867,13
4868,117
4869,64
4870,81
4871,99
4872,127
4873,481
4874,44
4875,45
4876,62
4877,10
4878,106
4879,81
4880,186
4881,122
4882,80
4883,131
4884,73
4885,334
4886,795
4887,171
4888,74
4889,46
4890,133
4891,91
4892,16
4893,13
4894,71
4895,91
4896,9
4897,112
4898,89
4899,81
4900,200
4901,38
4902,25
4903,267
4904,25
4905,90
4906,26
4907,45
4908,16
4909,173
4910,63
4911,44
4912,26
4913,291
4914,4
4915,215
4916,107
4917,398
4918,87
4919,359
4920,151
4921,76
4922,137
4923,33
4924,22
4925,76
4926,162
4927,172
4928,94
4929,45
4930,47
4931,64
4932,30
4933,132
4934,134
4935,41
4936,234
4937,75
4938,25
4939,3
4940,439
4941,240
4942,196
4943,310
4944,141
4945,120
4946,112
4947,523
4948,44
4949,283
4950,39
4951,143
4952,196
4953,100
4954,194
4955,114
4956,154
4957,245
4958,11
4959,23
4960,91
4961,81
4962,87
4963,241
4964,110
4965,71
4966,19
4967,48
4968,89
4969,129
4970,56
4971,61
4972,78
4973,72
4974,7
4975,111
4976,133
4977,56
4978,326
4979,62
4980,14
4981,288
4982,147
4983,243
4984,131
4985,64
4986,66
4987,161
4988,66
4989,55
4990,277
4991,192
4992,66
4993,107
4994,196
4995,402
4996,358
4997,153
4998,58
4999,123
5000,107
5001,262
5002,153
5003,62
5004,76
5005,36
5006,127
5007,16
5008,255
5009,30
5010,105
5011,156
5012,67
5013,153
5014,266
5015,64
5016,70
5017,55
5018,30
5019,123
5020,43
5021,63
5022,102
5023,405
5024,93
5025,384
5026,12
5027,40
5028,139
5029,99
5030,100
5031,18
5032,103
5033,160
5034,82
5035,126
5036,73
5037,29
5038,378
5039,397
5040,284
5041,151
5042,10
5043,33
5044,292
5045,41
5046,112
5047,11
5048,32
5049,42
5050,38
5051,157
5052,222
5053,89
5054,138
5055,216
5056,15
5057,37
5058,69
5059,179
5060,110
5061,133
5062,62
5063,163
5064,290
5065,130
5066,136
5067,2
5068,128
5069,67
5070,25
5071,112
5072,333
5073,47
5074,21
5075,187
5076,169
5077,161
5078,278
5079,37
5080,98
5081,28
5082,38
5083,101
5084,5
5085,56
5086,24
5087,31
5088,122
5089,154
5090,313
5091,71
5092,150
5093,116
5094,6
5095,97
5096,291
5097,86
5098,142
5099,123
5100,92
5101,187
5102,161
5103,101
5104,89
5105,101
5106,224
5107,215
5108,149
5109,26
5110,70
5111,209
5112,74
5113,76
5114,8
5115,72
5116,249
5117,129
5118,56
5119,88
5120,213
5121,128
5122,257
5123,52
5124,219
5125,208
5126,137
5127,109
5128,30
5129,42
5130,389
5131,27
5132,9
5133,11
5134,181
5135,50
5136,11
5137,207
5138,168
5139,13
5140,88
5141,33
5142,103
5143,200
5144,238
5145,32
5146,32
5147,159
5148,58
5149,106
5150,152
5151,170
5152,29
5153,111
5154,40
5155,212
5156,53
5157,162
5158,59
5159,237
5160,141
5161,142
5162,64
5163,46
5164,37
5165,5
5166,84
5167,17
5168,62
5169,236
5170,22
5171,114
5172,160
5173,79
5174,299
5175,53
5176,28
5177,172
5178,39
5179,62
5180,172
5181,13
5182,223
5183,118
5184,82
5185,206
5186,75
5187,29
5188,40
5189,248
5190,172
5191,22
5192,314
5193,82
5194,49
5195,70
5196,523
5197,81
5198,89
5199,62
5200,43
5201,34
5202,230
5203,57
5204,21
5205,83
5206,227
5207,269
5208,86
5209,83
5210,144
5211,42
5212,53
5213,167
5214,134
5215,222
5216,120
5217,40
5218,94
5219,52
5220,236
5221,59
5222,210
5223,231
5224,151
5225,155
5226,5
5227,78
5228,179
5229,151
5230,85
5231,28
5232,253
5233,134
5234,71
5235,308
5236,35
5237,66
5238,51
5239,55
5240,101
5241,85
5242,143
5243,164
5244,38
5245,191
5246,65
5247,62
5248,189
5249,204
5250,39
5251,49
5252,117
5253,11
5254,11
5255,188
5256,10
5257,236
5258,41
5259,155
5260,83
5261,297
5262,212
5263,101
5264,181
5265,75
5266,81
5267,182
5268,31
5269,40
5270,334
5271,69
5272,789
5273,186
5274,295
5275,114
5276,46
5277,56
5278,50
5279,160
5280,71
5281,83
5282,58
5283,40
5284,91
5285,61
5286,32
5287,172
5288,48
5289,124
5290,50
5291,16
5292,17
5293,315
5294,21
5295,180
5296,29
5297,295
5298,33
5299,87
5300,201
5301,141
5302,193
5303,76
5304,15
5305,40
5306,112
5307,258
5308,142
5309,303
5310,96
5311,193
5312,106
5313,58
5314,83
5315,148
5316,372
5317,88
5318,89
5319,64
5320,10
5321,360
5322,74
5323,128
5324,46
5325,61
5326,170
5327,99
5328,33
5329,13
5330,43
5331,188
5332,32
5333,29
5334,10
5335,164
5336,40
5337,119
5338,42
5339,104
5340,159
5341,19
5342,104
5343,151
5344,67
5345,142
5346,65
5347,36
5348,304
5349,73
5350,166
5351,214
5352,71
5353,228
5354,9
5355,5
5356,42
5357,106
5358,220
5359,66
5360,75
5361,91
5362,252
5363,44
5364,125
5365,76
5366,33
5367,232
5368,32
5369,41
5370,147
5371,55
5372,198
5373,17
5374,51
5375,24
5376,177
5377,19
5378,580
5379,82
5380,78
5381,34
5382,91
5383,95
5384,100
5385,313
5386,22
5387,1
5388,24
5389,486
5390,200
5391,128
5392,179
5393,107
5394,187
5395,40
5396,23
5397,57
5398,42
5399,21
5400,43
5401,41
5402,37
5403,40
5404,153
5405,19
5406,117
5407,141
5408,141
5409,89
5410,143
5411,22
5412,16
5413,11
5414,154
5415,72
5416,99
5417,27
5418,92
5419,156
5420,54
5421,12
5422,126
5423,38
5424,39
5425,253
5426,154
5427,195
5428,25
5429,114
5430,175
5431,10
5432,204
5433,250
5434,153
5435,593
5436,11
5437,203
5438,51
5439,36
5440,177
5441,98
5442,39
5443,45
5444,31
5445,168
5446,43
5447,135
5448,102
5449,25
5450,113
5451,165
5452,140
5453,225
5454,104
5455,30
5456,142
5457,130
5458,8
5459,143
5460,143
5461,22
5462,191
5463,48
5464,272
5465,205
5466,71
5467,217
5468,72
5469,69
5470,83
5471,128
5472,387
5473,95
5474,168
5475,64
5476,155
5477,69
5478,95
5479,10
5480,67
5481,171
5482,63
5483,161
5484,151
5485,267
5486,26
5487,205
5488,131
5489,170
5490,59
5491,251
5492,26
5493,106
5494,185
5495,379
5496,118
5497,30
5498,128
5499,107
5500,147
5501,45
5502,113
5503,107
5504,42
5505,182
5506,310
5507,80
5508,182
5509,60
5510,158
5511,29
5512,161
5513,27
5514,203
5515,66
5516,309
5517,30
5518,114
5519,181
5520,58
5521,110
5522,54
5523,144
5524,86
5525,47
5526,21
5527,52
5528,111
5529,25
5530,76
5531,53
5532,234
5533,82
5534,325
5535,84
5536,65
5537,200
5538,26
5539,111
5540,9
5541,123
5542,29
5543,80
5544,27
5545,12
5546,272
5547,22
5548,164
5549,75
5550,43
5551,132
5552,36
5553,18
5554,132
5555,84
5556,46
5557,11
5558,52
5559,281
5560,75
5561,70
5562,70
5563,17
5564,42
5565,46
5566,76
5567,196
5568,58
5569,329
5570,75
5571,34
5572,36
5573,14
5574,102
5575,80
5576,92
5577,53
5578,21
5579,4
5580,86
5581,124
5582,118
5583,124
5584,264
5585,18
5586,202
5587,52
5588,296
5589,115
5590,252
5591,113
5592,281
5593,155
5594,265
5595,194
5596,172
5597,41
5598,107
5599,135
5600,94
5601,38
5602,16
5603,185
5604,342
5605,33
5606,49
5607,75
5608,16
5609,135
5610,53
5611,22
5612,23
5613,6
5614,103
5615,102
5616,179
5617,129
5618,85
5619,81
5620,161
5621,197
5622,25
5623,165
5624,91
5625,52
5626,175
5627,211
5628,109
5629,98
5630,23
5631,52
5632,165
5633,36
5634,28
5635,146
5636,145
5637,176
5638,31
5639,23
5640,91
5641,34
5642,61
5643,83
5644,32
5645,27
5646,199
5647,33
5648,24
5649,32
5650,144
5651,62
5652,45
5653,98
5654,88
5655,188
5656,55
5657,36
5658,74
5659,123
5660,40
5661,83
5662,50
5663,83
5664,26
5665,15
5666,188
5667,172
5668,10
5669,54
5670,30
5671,108
5672,183
5673,50
5674,99
5675,10
5676,158
5677,152
5678,35
5679,108
5680,178
5681,29
5682,117
5683,192
5684,64
5685,33
5686,185
5687,54
5688,17
5689,13
5690,17
5691,64
5692,109
5693,56
5694,65
5695,47
5696,167
5697,59
5698,157
5699,127
5700,52
5701,94
5702,71
5703,42
5704,24
5705,361
5706,253
5707,217
5708,28
5709,99
5710,83
5711,85
5712,102
5713,83
5714,29
5715,332
5716,160
5717,156
5718,17
5719,123
5720,161
5721,94
5722,48
5723,29
5724,85
5725,164
5726,103
5727,96
5728,67
5729,81
5730,435
5731,47
5732,143
5733,105
5734,156
5735,145
5736,37
5737,207
5738,39
5739,205
5740,32
5741,102
5742,33
5743,47
5744,58
5745,130
5746,45
5747,86
5748,234
5749,68
5750,162
5751,107
5752,26
5753,180
5754,62
5755,18
5756,91
5757,25
5758,98
5759,76
5760,43
5761,44
5762,77
5763,21
5764,45
5765,103
5766,116
5767,71
5768,42
5769,62
5770,276
5771,150
5772,14
5773,182
5774,5
5775,60
5776,173
5777,26
5778,136
5779,39
5780,52
5781,75
5782,54
5783,44
5784,53
5785,159
5786,157
5787,67
5788,128
5789,72
5790,77
5791,166
5792,165
5793,28
5794,43
5795,241
5796,75
5797,25
5798,24
5799,136
5800,155
5801,100
5802,49
5803,25
5804,41
5805,142
5806,228
5807,37
5808,47
5809,59
5810,127
5811,215
5812,160
5813,18
5814,116
5815,131
5816,44
5817,28
5818,144
5819,114
5820,84
5821,103
5822,147
5823,54
5824,179
5825,157
5826,73
5827,33
5828,14
5829,177
5830,23
5831,38
5832,191
5833,123
5834,75
5835,115
5836,99
5837,30
5838,42
5839,94
5840,64
5841,109
5842,48
5843,73
5844,5
5845,117
5846,35
5847,21
5848,59
5849,140
5850,123
5851,57
5852,104
5853,176
5854,86
5855,213
5856,114
5857,111
5858,9
5859,82
5860,63
5861,171
5862,153
5863,47
5864,233
5865,137
5866,20
5867,207
5868,50
5869,90
5870,125
5871,49
5872,55
5873,41
5874,204
5875,72
5876,12
5877,153
5878,94
5879,127
5880,171
5881,27
5882,110
5883,12
5884,30
5885,136
5886,130
5887,15
5888,75
5889,24
5890,125
5891,113
5892,60
5893,313
5894,23
5895,22
5896,47
5897,110
5898,130
5899,72
5900,107
5901,52
5902,54
5903,106
5904,11
5905,179
5906,23
5907,63
5908,220
5909,15
5910,49
5911,26
5912,315
5913,297
5914,7
5915,63
5916,52
5917,80
5918,20
5919,39
5920,151
5921,165
5922,24
5923,162
5924,179
5925,231
5926,68
5927,49
5928,77
5929,84
5930,34
5931,46
5932,25
5933,149
5934,107
5935,310
5936,26
5937,62
5938,98
5939,155
5940,78
5941,39
5942,58
5943,34
5944,200
5945,47
5946,81
5947,79
5948,5
5949,200
5950,25
5951,74
5952,5
5953,23
5954,135
5955,37
5956,284
5957,96
5958,27
5959,18
5960,31
5961,55
5962,58
5963,35
5964,117
5965,212
5966,50
5967,115
5968,187
5969,60
5970,90
5971,113
5972,55
5973,75
5974,47
5975,182
5976,24
5977,227
5978,208
5979,8
5980,45
5981,105
5982,253
5983,98
5984,44
5985,289
5986,31
5987,108
5988,50
5989,101
5990,35
5991,112
5992,112
5993,33
5994,128
5995,230
5996,45
5997,4
5998,34
5999,282
6000,263
6001,63
6002,11
6003,18
6004,32
6005,116
6006,63
6007,40
6008,126
6009,121
6010,80
6011,127
6012,227
6013,27
6014,43
6015,33
6016,135
6017,28
6018,47
6019,116
6020,59
6021,19
6022,17
6023,87
6024,46
6025,139
6026,213
6027,109
6028,17
6029,66
6030,31
6031,170
6032,156
6033,19
6034,125
6035,31
6036,85
6037,76
6038,8
6039,124
6040,117
6041,14
6042,25
6043,86
6044,5
6045,146
6046,43
6047,57
6048,12
6049,56
6050,102
6051,14
6052,123
6053,27
6054,26
6055,99
6056,31
6057,32
6058,133
6059,221
6060,33
6061,27
6062,108
6063,59
6064,74
6065,96
6066,29
6067,84
6068,103
6069,40
6070,64
6071,191
6072,38
6073,73
6074,63
6075,84
6076,147
6077,53
6078,34
6079,103
6080,27
6081,165
6082,40
6083,33
6084,145
6085,51
6086,101
6087,71
6088,26
6089,45
6090,49
6091,32
6092,76
6093,9
6094,96
6095,64
6096,236
6097,196
6098,124
6099,68
6100,100
6101,35
6102,16
6103,114
6104,113
6105,102
6106,143
6107,47
6108,52
6109,83
6110,50
6111,159
6112,22
6113,190
6114,6
6115,77
6116,28
6117,10
6118,57
6119,20
6120,5
6121,12
6122,183
6123,133
6124,45
6125,6
6126,33
6127,121
6128,119
6129,152
6130,76
6131,64
6132,160
6133,71
6134,37
6135,189
6136,176
6137,429
6138,125
6139,375
6140,20
6141,81
6142,69
6143,115
6144,27
6145,36
6146,201
6147,106
6148,4
6149,75
6150,20
6151,99
6152,40
6153,11
6154,544
6155,117
6156,264
6157,43
6158,154
6159,56
6160,87
6161,39
6162,30
6163,17
6164,34
6165,51
6166,93
6167,115
6168,125
6169,151
6170,189
6171,98
6172,129
6173,114
6174,187
6175,86
6176,35
6177,14
6178,12
6179,53
6180,13
6181,11
6182,42
6183,81
6184,26
6185,7
6186,93
6187,93
6188,431
6189,36
6190,68
6191,132
6192,1
6193,13
6194,28
6195,168
6196,39
6197,73
6198,41
6199,163
6200,16
6201,97
6202,31
6203,50
6204,32
6205,56
6206,94
6207,30
6208,152
6209,19
6210,56
6211,80
6212,151
6213,24
6214,36
6215,237
6216,58
6217,38
6218,84
6219,53
6220,83
6221,43
6222,85
6223,20
6224,48
6225,89
6226,19
6227,14
6228,153
6229,40
6230,45
6231,115
6232,77
6233,59
6234,101
6235,71
6236,74
6237,49
6238,48
6239,97
6240,99
6241,48
6242,12
6243,57
6244,28
6245,123
6246,78
6247,52
6248,99
6249,82
6250,34
6251,33
6252,73
6253,171
6254,35
6255,209
6256,151
6257,21
6258,129
6259,144
6260,232
6261,21
6262,4
6263,53
6264,78
6265,90
6266,120
6267,96
6268,68
6269,65
6270,65
6271,88
6272,99
6273,227
6274,12
6275,22
6276,92
6277,39
6278,21
6279,136
6280,121
6281,258
6282,25
6283,37
6284,76
6285,38
6286,29
6287,206
6288,48
6289,55
6290,130
6291,34
6292,169
6293,56
6294,72
6295,3
6296,156
6297,16
6298,142
6299,8
6300,15
6301,86
6302,166
6303,138
6304,55
6305,333
6306,99
6307,5
6308,107
6309,53
6310,16
6311,52
6312,52
6313,183
6314,193
6315,10
6316,224
6317,47
6318,73
6319,37
6320,93
6321,16
6322,264
6323,57
6324,10
6325,153
6326,147
6327,91
6328,78
6329,17
6330,45
6331,259
6332,25
6333,93
6334,17
6335,22
6336,56
6337,307
6338,16
6339,52
6340,13
6341,9
6342,197
6343,116
6344,107
6345,145
6346,172
6347,13
6348,304
6349,118
6350,77
6351,14
6352,63
6353,68
6354,77
6355,35
6356,34
6357,11
6358,48
6359,25
6360,92
6361,47
6362,125
6363,127
6364,41
6365,29
6366,72
6367,17
6368,4
6369,25
6370,270
6371,63
6372,11
6373,60
6374,73
6375,118
6376,28
6377,136
6378,71
6379,14
6380,26
6381,69
6382,33
6383,47
6384,27
6385,14
6386,39
6387,157
6388,100
6389,60
6390,48
6391,48
6392,66
6393,141
6394,51
6395,74
6396,93
6397,69
6398,123
6399,61
6400,48
6401,118
6402,30
6403,117
6404,14
6405,51
6406,318
6407,11
6408,57
6409,96
6410,58
6411,106
6412,42
6413,89
6414,69
6415,5
6416,70
6417,16
6418,76
6419,48
6420,11
6421,308
6422,26
6423,26
6424,59
6425,28
6426,102
6427,75
6428,100
6429,84
6430,86
6431,16
6432,1
6433,90
6434,50
6435,58
6436,187
6437,143
6438,34
6439,47
6440,48
6441,9
6442,250
6443,15
6444,75
6445,62
6446,23
6447,103
6448,85
6449,10
6450,70
6451,76
6452,22
6453,12
6454,31
6455,98
6456,213
6457,17
6458,54
6459,13
6460,322
6461,53
6462,34
6463,50
6464,33
6465,41
6466,107
6467,23
6468,131
6469,54
6470,126
6471,2
6472,58
6473,143
6474,137
6475,8
6476,66
6477,89
6478,156
6479,9
6480,15
6481,39
6482,26
6483,129
6484,164
6485,67
6486,161
6487,29
6488,89
6489,113
6490,3
6491,68
6492,111
6493,108
6494,54
6495,65
6496,7
6497,31
6498,27
6499,65
6500,221
6501,45
6502,23
6503,63
6504,47
6505,90
6506,36
6507,53
6508,49
6509,157
6510,127
6511,69
6512,103
6513,89
6514,18
6515,66
6516,7
6517,28
6518,106
6519,63
6520,73
6521,218
6522,20
6523,86
6524,62
6525,37
6526,120
6527,297
6528,99
6529,15
6530,11
6531,257
6532,133
6533,2
6534,17
6535,237
6536,87
6537,48
6538,25
6539,49
6540,41
6541,231
6542,256
6543,78
6544,103
6545,175
6546,98
6547,37
6548,52
6549,32
6550,125
6551,37
6552,33
6553,30
6554,71
6555,35
6556,179
6557,5
6558,119
6559,29
6560,3
6561,164
6562,203
6563,93
6564,67
6565,57
6566,36
6567,48
6568,24
6569,9
6570,81
6571,62
6572,73
6573,135
6574,34
6575,103
6576,48
6577,22
6578,85
6579,12
6580,152
6581,155
6582,18
6583,109
6584,48
6585,4
6586,50
6587,49
6588,151
6589,27
6590,8
6591,123
6592,138
6593,13
6594,15
6595,174
6596,26
6597,236
6598,148
6599,29
6600,31
6601,46
6602,27
6603,23
6604,88
6605,21
6606,60
6607,14
6608,15
6609,35
6610,160
6611,80
6612,148
6613,56
6614,97
6615,23
6616,19
6617,52
6618,39
6619,77
6620,149
6621,23
6622,13
6623,61
6624,61
6625,76
6626,54
6627,33
6628,85
6629,13
6630,17
6631,49
6632,51
6633,29
6634,120
6635,18
6636,15
6637,1
6638,59
6639,40
6640,53
6641,162
6642,17
6643,59
6644,37
6645,15
6646,55
6647,32
6648,69
6649,45
6650,43
6651,39
6652,104
6653,82
6654,20
6655,122
6656,27
6657,74
6658,147
6659,52
6660,34
6661,243
6662,17
6663,37
6664,24
6665,26
6666,116
6667,58
6668,47
6669,212
6670,74
6671,67
6672,64
6673,11
6674,21
6675,40
6676,8
6677,16
6678,50
6679,95
6680,30
6681,76
6682,85
6683,37
6684,142
6685,22
6686,39
6687,69
6688,24
6689,11
6690,106
6691,82
6692,111
6693,38
6694,86
6695,28
6696,25
6697,46
6698,49
6699,160
6700,53
6701,47
6702,75
6703,30
6704,114
6705,43
6706,66
6707,31
6708,49
6709,51
6710,30
6711,28
6712,150
6713,154
6714,8
6715,86
6716,101
6717,43
6718,40
6719,227
6720,13
6721,86
6722,38
6723,34
6724,49
6725,48
6726,23
6727,106
6728,46
6729,22
6730,15
6731,34
6732,45
6733,21
6734,56
6735,209
6736,30
6737,98
6738,51
6739,126
6740,165
6741,40
6742,107
6743,67
6744,97
6745,17
6746,34
6747,52
6748,73
6749,11
6750,81
6751,15
6752,14
6753,159
6754,147
6755,9
6756,14
6757,38
6758,48
6759,34
6760,53
6761,52
6762,26
6763,105
6764,114
6765,75
6766,75
6767,18
6768,58
6769,40
6770,128
6771,5
6772,26
6773,101
6774,32
6775,34
6776,83
6777,26
6778,16
6779,56
6780,25
6781,70
6782,9
6783,93
6784,187
6785,42
6786,48
6787,150
6788,187
6789,74
6790,10
6791,54
6792,57
6793,139
6794,10
6795,32
6796,15
6797,27
6798,55
6799,77
6800,22
6801,44
6802,14
6803,26
6804,110
6805,12
6806,87
6807,9
6808,17
6809,70
6810,79
6811,80
6812,28
6813,201
6814,4
6815,29
6816,37
6817,37
6818,39
6819,8
6820,324
6821,137
6822,67
6823,80
6824,77
6825,48
6826,65
6827,30
6828,57
6829,29
6830,30
6831,29
6832,11
6833,162
6834,84
6835,75
6836,53
6837,15
6838,18
6839,40
6840,67
6841,148
6842,68
6843,57
6844,57
6845,23
6846,193
6847,34
6848,74
6849,162
6850,40
6851,29
6852,144
6853,158
6854,33
6855,84
6856,42
6857,107
6858,32
6859,66
6860,34
6861,117
6862,106
6863,15
6864,134
6865,36
6866,86
6867,58
6868,91
6869,26
6870,33
6871,109
6872,14
6873,47
6874,5
6875,29
6876,50
6877,34
6878,30
6879,25
6880,92
6881,55
6882,112
6883,36
6884,49
6885,94
6886,87
6887,34
6888,34
6889,40
6890,77
6891,12
6892,54
6893,88
6894,8
6895,46
6896,56
6897,113
6898,73
6899,44
6900,302
6901,45
6902,30
6903,10
6904,76
6905,2
6906,58
6907,10
6908,79
6909,31
6910,58
6911,20
6912,57
6913,32
6914,19
6915,136
6916,4
6917,87
6918,314
6919,10
6920,8
6921,148
6922,80
6923,7
6924,18
6925,84
6926,129
6927,19
6928,19
6929,30
6930,32
6931,20
6932,53
6933,280
6934,58
6935,62
6936,17
6937,28
6938,56
6939,121
6940,11
6941,25
6942,31
6943,63
6944,92
6945,67
6946,23
6947,56
6948,144
6949,75
6950,17
6951,114
6952,11
6953,29
6954,19
6955,2
6956,13
6957,62
6958,40
6959,33
6960,17
6961,5
6962,15
6963,178
6964,39
6965,43
6966,3
6967,147
6968,117
6969,132
6970,115
6971,53
6972,49
6973,159
6974,8
6975,64
6976,37
6977,30
6978,17
6979,61
6980,52
6981,19
6982,12
6983,4
6984,102
6985,128
6986,25
6987,21
6988,135
6989,6
6990,46
6991,34
6992,143
6993,137
6994,61
6995,25
6996,56
6997,44
6998,39
6999,88
7000,15
7001,56
7002,79
7003,30
7004,19
7005,58
7006,49
7007,3
7008,55
7009,45
7010,136
7011,66
7012,9
7013,22
7014,71
7015,52
7016,12
7017,227
7018,79
7019,9
7020,78
7021,41
7022,110
7023,34
7024,16
7025,111
7026,35
7027,95
7028,23
7029,17
7030,13
7031,173
7032,49
7033,21
7034,41
7035,219
7036,66
7037,139
7038,31
7039,78
7040,8
7041,93
7042,71
7043,12
7044,21
7045,57
7046,37
7047,59
7048,36
7049,161
7050,13
7051,101
7052,29
7053,31
7054,88
7055,25
7056,173
7057,27
7058,108
7059,33
7060,63
7061,40
7062,12
7063,9
7064,56
7065,83
7066,8
7067,20
7068,27
7069,28
7070,51
7071,138
7072,18
7073,30
7074,21
7075,74
7076,21
7077,86
7078,27
7079,52
7080,64
7081,16
7082,24
7083,32
7084,7
7085,90
7086,84
7087,69
7088,2
7089,45
7090,86
7091,51
7092,39
7093,12
7094,8
7095,81
7096,59
7097,140
7098,1
7099,1
7100,64
7101,49
7102,32
7103,20
7104,65
7105,124
7106,40
7107,87
7108,27
7109,34
7110,271
7111,33
7112,17
7113,49
7114,12
7115,221
7116,27
7117,4
7118,77
7119,128
7120,134
7121,48
7122,10
7123,33
7124,86
7125,28
7126,139
7127,41
7128,60
7129,14
7130,42
7131,43
7132,87
7133,41
7134,96
7135,150
7136,45
7137,15
7138,26
7139,26
7140,67
7141,28
7142,46
7143,43
7144,52
7145,23
7146,223
7147,45
7148,10
7149,74
7150,45
7151,2
7152,22
7153,144
7154,23
7155,36
7156,22
7157,21
7158,21
7159,6
7160,157
7161,8
7162,49
7163,17
7164,20
7165,22
7166,36
7167,163
7168,31
7169,94
7170,19
7171,13
7172,13
7173,208
7174,31
7175,88
7176,14
7177,50
7178,12
7179,13
7180,61
7181,69
7182,80
7183,15
7184,82
7185,122
7186,20
7187,61
7188,13
7189,30
7190,26
7191,19
7192,80
7193,71
7194,75
7195,15
7196,60
7197,8
7198,11
7199,16
7200,59
7201,11
7202,20
7203,36
7204,38
7205,24
7206,39
7207,39
7208,36
7209,57
7210,27
7211,19
7212,111
7213,104
7214,70
7215,55
7216,96
7217,55
7218,6
7219,52
7220,42
7221,32
7222,63
7223,64
7224,109
7225,71
7226,16
7227,37
7228,33
7229,49
7230,99
7231,6
7232,46
7233,66
7234,53
7235,59
7236,70
7237,41
7238,26
7239,3
7240,42
7241,176
7242,112
7243,18
7244,9
7245,68
7246,55
7247,15
7248,40
7249,10
7250,26
7251,65
7252,33
7253,91
7254,45
7255,55
7256,25
7257,46
7258,209
7259,80
7260,58
7261,43
7262,34
7263,63
7264,17
7265,44
7266,11
7267,18
7268,29
7269,88
7270,166
7271,20
7272,17
7273,87
7274,13
7275,54
7276,62
7277,50
7278,16
7279,22
7280,20
7281,34
7282,194
7283,19
7284,226
7285,65
7286,8
7287,86
7288,25
7289,102
7290,64
7291,5
7292,113
7293,32
7294,40
7295,63
7296,15
7297,23
7298,67
7299,179
7300,3
7301,16
7302,32
7303,162
7304,173
7305,34
7306,58
7307,111
7308,84
7309,6
7310,12
7311,30
7312,28
7313,24
7314,16
7315,9
7316,12
7317,24
7318,40
7319,14
7320,10
7321,44
7322,1
7323,52
7324,64
7325,23
7326,62
7327,28
7328,14
7329,29
7330,42
7331,40
7332,21
7333,61
7334,5
7335,8
7336,42
7337,10
7338,54
7339,26
7340,27
7341,148
7342,27
7343,30
7344,69
7345,124
7346,130
7347,45
7348,75
7349,159
7350,67
7351,68
7352,23
7353,164
7354,64
7355,126
7356,52
7357,33
7358,36
7359,13
7360,36
7361,177
7362,132
7363,16
7364,15
7365,144
7366,89
7367,62
7368,66
7369,5
7370,39
7371,4
7372,51
7373,30
7374,14
7375,4
7376,13
7377,68
7378,25
7379,16
7380,98
7381,67
7382,36
7383,32
7384,11
7385,32
7386,87
7387,54
7388,57
7389,17
7390,6
7391,112
7392,30
7393,3
7394,68
7395,114
7396,22
7397,86
7398,57
7399,3
7400,59
7401,24
7402,11
7403,118
7404,42
7405,74
7406,106
7407,169
7408,40
7409,7
7410,57
7411,26
7412,94
7413,97
7414,43
7415,42
7416,46
7417,21
7418,16
7419,69
7420,126
7421,83
7422,141
7423,92
7424,21
7425,52
7426,26
7427,15
7428,19
7429,50
7430,42
7431,218
7432,41
7433,47
7434,36
7435,101
7436,63
7437,43
7438,6
7439,90
7440,42
7441,19
7442,29
7443,25
7444,118
7445,112
7446,12
7447,40
7448,11
7449,34
7450,2
7451,59
7452,32
7453,72
7454,63
7455,30
7456,22
7457,134
7458,2
7459,36
7460,20
7461,16
7462,39
7463,51
7464,13
7465,62
7466,42
7467,93
7468,37
7469,47
7470,40
7471,9
7472,34
7473,22
7474,85
7475,19
7476,30
7477,146
7478,62
7479,38
7480,40
7481,26
7482,27
7483,42
7484,83
7485,21
7486,61
7487,145
7488,81
7489,20
7490,92
7491,60
7492,101
7493,90
7494,34
7495,136
7496,11
7497,33
7498,66
7499,27
7500,72
7501,18
7502,4
7503,8
7504,129
7505,2
7506,66
7507,18
7508,114
7509,40
7510,9
7511,6
7512,25
7513,30
7514,54
7515,172
7516,57
7517,7
7518,20
7519,15
7520,3
7521,30
7522,3
7523,41
7524,7
7525,26
7526,26
7527,31
7528,42
7529,8
7530,41
7531,69
7532,16
7533,5
7534,11
7535,74
7536,57
7537,35
7538,70
7539,67
7540,49
7541,78
7542,33
7543,40
7544,30
7545,29
7546,55
7547,49
7548,78
7549,69
7550,61
7551,100
7552,43
7553,26
7554,42
7555,78
7556,15
7557,8
7558,71
7559,30
7560,42
7561,46
7562,36
7563,39
7564,32
7565,35
7566,46
7567,103
7568,63
7569,19
7570,32
7571,123
7572,17
7573,22
7574,23
7575,26
7576,12
7577,101
7578,21
7579,5
7580,113
7581,18
7582,65
7583,9
7584,11
7585,10
7586,19
7587,16
7588,18
7589,140
7590,19
7591,15
7592,27
7593,202
7594,12
7595,5
7596,90
7597,118
7598,23
7599,111
7600,3
7601,16
7602,4
7603,66
7604,53
7605,33
7606,15
7607,23
7608,26
7609,11
7610,39
7611,52
7612,29
7613,12
7614,20
7615,14
7616,28
7617,47
7618,131
7619,108
7620,56
7621,19
7622,30
7623,15
7624,60
7625,31
7626,16
7627,31
7628,28
7629,34
7630,18
7631,43
7632,14
7633,5
7634,54
7635,77
7636,13
7637,17
7638,18
7639,21
7640,29
7641,60
7642,32
7643,25
7644,19
7645,9
7646,42
7647,79
7648,52
7649,93
7650,71
7651,26
7652,20
7653,16
7654,20
7655,24
7656,21
7657,33
7658,234
7659,24
7660,33
7661,35
7662,76
7663,20
7664,41
7665,10
7666,35
7667,91
7668,19
7669,30
7670,86
7671,18
7672,11
7673,15
7674,24
7675,105
7676,66
7677,80
7678,20
7679,70
7680,15
7681,89
7682,79
7683,54
7684,49
7685,8
7686,59
7687,35
7688,107
7689,37
7690,38
7691,71
7692,44
7693,59
7694,250
7695,49
7696,19
7697,47
7698,49
7699,34
7700,2
7701,42
7702,15
7703,49
7704,15
7705,12
7706,19
7707,65
7708,102
7709,82
7710,44
7711,5
7712,28
7713,152
7714,121
7715,29
7716,73
7717,128
7718,35
7719,4
7720,40
7721,55
7722,46
7723,34
7724,28
7725,25
7726,28
7727,30
7728,52
7729,4
7730,40
7731,79
7732,29
7733,42
7734,33
7735,47
7736,9
7737,17
7738,96
7739,40
7740,80
7741,46
7742,39
7743,52
7744,48
7745,8
7746,3
7747,14
7748,22
7749,13
7750,41
7751,65
7752,35
7753,20
7754,66
7755,56
7756,45
7757,31
7758,59
7759,40
7760,2
7761,10
7762,16
7763,16
7764,120
7765,105
7766,78
7767,127
7768,81
7769,34
7770,42
7771,38
7772,50
7773,16
7774,180
7775,16
7776,44
7777,46
7778,30
7779,23
7780,21
7781,13
7782,56
7783,34
7784,74
7785,21
7786,35
7787,9
7788,58
7789,46
7790,21
7791,84
7792,97
7793,37
7794,57
7795,11
7796,20
7797,82
7798,133
7799,96
7800,57
7801,6
7802,31
7803,122
7804,26
7805,60
7806,35
7807,39
7808,22
7809,31
7810,13
7811,33
7812,14
7813,20
7814,117
7815,105
7816,61
7817,48
7818,36
7819,24
7820,25
7821,7
7822,13
7823,32
7824,88
7825,16
7826,75
7827,75
7828,4
7829,51
7830,41
7831,58
7832,43
7833,29
7834,73
7835,6
7836,119
7837,79
7838,20
7839,116
7840,12
7841,2
7842,64
7843,16
7844,124
7845,47
7846,41
7847,7
7848,18
7849,114
7850,15
7851,75
7852,23
7853,25
7854,42
7855,48
7856,100
7857,59
7858,6
7859,12
7860,67
7861,20
7862,6
7863,58
7864,39
7865,8
7866,10
7867,145
7868,12
7869,32
7870,25
7871,83
7872,5
7873,31
7874,46
7875,25
7876,68
7877,15
7878,22
7879,11
7880,29
7881,23
7882,20
7883,40
7884,28
7885,47
7886,6
7887,9
7888,80
7889,42
7890,30
7891,8
7892,21
7893,24
7894,36
7895,44
7896,41
7897,105
7898,60
7899,9
7900,16
7901,48
7902,18
7903,13
7904,27
7905,13
7906,67
7907,72
7908,40
7909,165
7910,15
7911,9
7912,34
7913,14
7914,117
7915,24
7916,125
7917,32
7918,14
7919,39
7920,23
7921,5
7922,96
7923,51
7924,75
7925,56
7926,51
7927,12
7928,45
7929,7
7930,117
7931,21
7932,99
7933,18
7934,5
7935,78
7936,9
7937,49
7938,11
7939,22
7940,106
7941,4
7942,21
7943,22
7944,21
7945,12
7946,20
7947,11
7948,8
7949,16
7950,35
7951,22
7952,24
7953,54
7954,35
7955,31
7956,18
7957,28
7958,23
7959,10
7960,24
7961,26
7962,55
7963,51
7964,56
7965,47
7966,33
7967,74
7968,45
7969,7
7970,20
7971,73
7972,20
7973,45
7974,12
7975,96
7976,65
7977,61
7978,24
7979,79
7980,16
7981,54
7982,106
7983,27
7984,77
7985,7
7986,54
7987,26
7988,11
7989,30
7990,64
7991,60
7992,13
7993,48
7994,26
7995,30
7996,30
7997,24
7998,12
7999,50
8000,13
8001,13
8002,8
8003,19
8004,20
8005,25
8006,61
8007,9
8008,14
8009,8
8010,3
8011,34
8012,21
8013,26
8014,21
8015,73
8016,12
8017,57
8018,117
8019,41
8020,16
8021,112
8022,49
8023,26
8024,18
8025,33
8026,5
8027,31
8028,31
8029,75
8030,60
8031,67
8032,14
8033,17
8034,145
8035,19
8036,8
8037,76
8038,16
8039,53
8040,49
8041,89
8042,14
8043,10
8044,47
8045,12
8046,40
8047,40
8048,45
8049,33
8050,23
8051,18
8052,12
8053,17
8054,31
8055,42
8056,97
8057,4
8058,55
8059,19
8060,9
8061,21
8062,45
8063,100
8064,22
8065,16
8066,30
8067,27
8068,20
8069,5
8070,50
8071,55
8072,28
8073,19
8074,8
8075,55
8076,96
8077,20
8078,16
8079,37
8080,64
8081,25
8082,30
8083,8
8084,41
8085,11
8086,17
8087,55
8088,34
8089,40
8090,59
8091,84
8092,64
8093,25
8094,118
8095,36
8096,62
8097,35
8098,17
8099,85
8100,12
8101,118
8102,6
8103,30
8104,15
8105,20
8106,17
8107,101
8108,62
8109,162
8110,25
8111,24
8112,41
8113,7
8114,7
8115,35
8116,58
8117,28
8118,39
8119,11
8120,10
8121,67
8122,39
8123,17
8124,139
8125,22
8126,24
8127,16
8128,14
8129,93
8130,28
8131,25
8132,30
8133,23
8134,64
8135,25
8136,6
8137,9
8138,39
8139,18
8140,14
8141,10
8142,15
8143,5
8144,29
8145,20
8146,37
8147,21
8148,85
8149,52
8150,9
8151,58
8152,9
8153,60
8154,116
8155,21
8156,7
8157,16
8158,48
8159,6
8160,50
8161,23
8162,12
8163,9
8164,27
8165,47
8166,54
8167,22
8168,58
8169,78
8170,52
8171,35
8172,64
8173,50
8174,86
8175,28
8176,21
8177,19
8178,29
8179,65
8180,41
8181,40
8182,15
8183,22
8184,15
8185,44
8186,79
8187,44
8188,11
8189,62
8190,21
8191,19
8192,65
8193,23
8194,27
8195,26
8196,41
8197,6
8198,77
8199,7
8200,28
8201,20
8202,42
8203,14
8204,37
8205,19
8206,18
8207,25
8208,22
8209,27
8210,30
8211,10
8212,8
8213,23
8214,20
8215,54
8216,28
8217,81
8218,23
8219,46
8220,65
8221,64
8222,71
8223,3
8224,4
8225,56
8226,13
8227,22
8228,27
8229,21
8230,21
8231,7
8232,55
8233,129
8234,8
8235,86
8236,16
8237,2
8238,16
8239,41
8240,44
8241,68
8242,36
8243,38
8244,75
8245,16
8246,40
8247,16
8248,26
8249,3
8250,21
8251,63
8252,32
8253,108
8254,33
8255,39
8256,72
8257,32
8258,30
8259,74
8260,24
8261,118
8262,31
8263,135
8264,23
8265,15
8266,35
8267,13
8268,19
8269,10
8270,22
8271,29
8272,6
8273,14
8274,37
8275,12
8276,11
8277,16
8278,7
8279,119
8280,102
8281,159
8282,14
8283,13
8284,9
8285,13
8286,8
8287,60
8288,2
8289,40
8290,10
8291,13
8292,24
8293,75
8294,13
8295,43
8296,42
8297,28
8298,15
8299,45
8300,10
8301,84
8302,40
8303,10
8304,6
8305,32
8306,2
8307,88
8308,9
8309,8
8310,16
8311,31
8312,17
8313,13
8314,29
8315,11
8316,53
8317,111
8318,39
8319,23
8320,30
8321,80
8322,65
8323,42
8324,3
8325,17
8326,6
8327,26
8328,51
8329,34
8330,22
8331,46
8332,53
8333,39
8334,38
8335,91
8336,41
8337,21
8338,24
8339,44
8340,61
8341,45
8342,17
8343,22
8344,48
8345,15
8346,2
8347,68
8348,100
8349,97
8350,7
8351,50
8352,33
8353,12
8354,63
8355,44
8356,26
8357,27
8358,11
8359,20
8360,8
8361,3
8362,16
8363,93
8364,14
8365,7
8366,66
8367,35
8368,41
8369,85
8370,8
8371,80
8372,43
8373,18
8374,57
8375,22
8376,54
8377,22
8378,23
8379,17
8380,50
8381,40
8382,16
8383,51
8384,10
8385,28
8386,74
8387,1
8388,21
8389,7
8390,10
8391,60
8392,25
8393,6
8394,69
8395,46
8396,4
8397,47
8398,19
8399,41
8400,73
8401,25
8402,18
8403,16
8404,14
8405,75
8406,70
8407,55
8408,33
8409,3
8410,10
8411,58
8412,15
8413,44
8414,39
8415,31
8416,21
8417,10
8418,27
8419,30
8420,82
8421,43
8422,14
8423,7
8424,14
8425,100
8426,21
8427,31
8428,3
8429,29
8430,11
8431,19
8432,7
8433,19
8434,60
8435,1
8436,9
8437,5
8438,56
8439,16
8440,3
8441,11
8442,11
8443,21
8444,46
8445,33
8446,8
8447,17
8448,12
8449,50
8450,21
8451,101
8452,34
8453,6
8454,24
8455,67
8456,7
8457,13
8458,29
8459,88
8460,27
8461,16
8462,7
8463,16
8464,42
8465,7
8466,9
8467,7
8468,36
8469,38
8470,38
8471,30
8472,58
8473,23
8474,54
8475,14
8476,13
8477,8
8478,32
8479,6
8480,23
8481,65
8482,14
8483,35
8484,16
8485,7
8486,64
8487,61
8488,33
8489,145
8490,25
8491,34
8492,23
8493,5
8494,61
8495,18
8496,24
8497,69
8498,60
8499,7
8500,27
8501,8
8502,11
8503,17
8504,19
8505,61
8506,22
8507,35
8508,5
8509,53
8510,21
8511,65
8512,9
8513,23
8514,24
8515,48
8516,24
8517,92
8518,43
8519,14
8520,24
8521,37
8522,6
8523,80
8524,17
8525,30
8526,12
8527,1
8528,18
8529,35
8530,12
8531,22
8532,18
8533,17
8534,82
8535,29
8536,14
8537,37
8538,8
8539,15
8540,11
8541,50
8542,20
8543,31
8544,17
8545,5
8546,35
8547,7
8548,9
8549,16
8550,17
8551,13
8552,1
8553,15
8554,11
8555,53
8556,4
8557,39
8558,69
8559,19
8560,20
8561,15
8562,12
8563,20
8564,13
8565,50
8566,73
8567,28
8568,14
8569,2
8570,22
8571,34
8572,26
8573,17
8574,26
8575,15
8576,18
8577,20
8578,9
8579,41
8580,43
8581,14
8582,42
8583,13
8584,70
8585,10
8586,43
8587,30
8588,35
8589,22
8590,30
8591,110
8592,16
8593,13
8594,48
8595,3
8596,7
8597,10
8598,15
8599,36
8600,39
8601,16
8602,59
8603,105
8604,33
8605,42
8606,38
8607,14
8608,94
8609,48
8610,13
8611,62
8612,13
8613,26
8614,14
8615,87
8616,14
8617,76
8618,28
8619,23
8620,41
8621,28
8622,31
8623,23
8624,24
8625,33
8626,16
8627,61
8628,32
8629,23
8630,11
8631,7
8632,17
8633,25
8634,27
8635,31
8636,11
8637,28
8638,26
8639,28
8640,17
8641,32
8642,10
8643,32
8644,7
8645,13
8646,65
8647,23
8648,32
8649,36
8650,3
8651,52
8652,10
8653,40
8654,24
8655,29
8656,16
8657,19
8658,8
8659,7
8660,24
8661,7
8662,28
8663,18
8664,13
8665,12
8666,41
8667,57
8668,31
8669,25
8670,40
8671,24
8672,8
8673,3
8674,35
8675,3
8676,53
8677,15
8678,16
8679,13
8680,24
8681,35
8682,48
8683,30
8684,54
8685,72
8686,61
8687,4
8688,15
8689,6
8690,23
8691,11
8692,41
8693,104
8694,3
8695,49
8696,15
8697,20
8698,16
8699,32
8700,56
8701,44
8702,20
8703,8
8704,13
8705,23
8706,35
8707,36
8708,78
8709,20
8710,44
8711,8
8712,11
8713,24
8714,35
8715,80
8716,73
8717,29
8718,9
8719,8
8720,17
8721,41
8722,12
8723,39
8724,16
8725,23
8726,18
8727,19
8728,24
8729,3
8730,24
8731,45
8732,17
8733,27
8734,53
8735,18
8736,9
8737,15
8738,24
8739,11
8740,24
8741,17
8742,13
8743,15
8744,25
8745,28
8746,17
8747,48
8748,6
8749,51
8750,8
8751,52
8752,42
8753,11
8754,28
8755,20
8756,28
8757,33
8758,37
8759,27
8760,38
8761,23
8762,23
8763,17
8764,51
8765,28
8766,23
8767,25
8768,53
8769,31
8770,39
8771,33
8772,106
8773,70
8774,36
8775,4
8776,12
8777,22
8778,26
8779,3
8780,141
8781,15
8782,14
8783,48
8784,30
8785,7
8786,22
8787,24
8788,20
8789,22
8790,8
8791,29
8792,18
8793,11
8794,28
8795,29
8796,26
8797,11
8798,20
8799,19
8800,4
8801,18
8802,27
8803,13
8804,52
8805,39
8806,31
8807,16
8808,147
8809,13
8810,16
8811,22
8812,21
8813,45
8814,16
8815,13
8816,24
8817,62
8818,44
8819,14
8820,23
8821,6
8822,16
8823,4
8824,11
8825,29
8826,17
8827,4
8828,13
8829,32
8830,33
8831,19
8832,13
8833,33
8834,22
8835,10
8836,8
8837,13
8838,14
8839,11
8840,15
8841,11
8842,66
8843,27
8844,6
8845,33
8846,10
8847,34
8848,29
8849,49
8850,16
8851,31
8852,39
8853,8
8854,13
8855,48
8856,60
8857,24
8858,7
8859,9
8860,10
8861,3
8862,75
8863,24
8864,18
8865,40
8866,23
8867,21
8868,28
8869,39
8870,8
8871,9
8872,38
8873,8
8874,19
8875,5
8876,15
8877,33
8878,8
8879,28
8880,33
8881,5
8882,11
8883,24
8884,10
8885,8
8886,33
8887,38
8888,16
8889,17
8890,14
8891,22
8892,17
8893,34
8894,8
8895,18
8896,15
8897,10
8898,29
8899,11
8900,15
8901,23
8902,5
8903,8
8904,19
8905,12
8906,24
8907,11
8908,39
8909,13
8910,76
8911,28
8912,14
8913,85
8914,37
8915,14
8916,20
8917,47
8918,24
8919,53
8920,5
8921,10
8922,13
8923,28
8924,21
8925,11
8926,14
8927,18
8928,15
8929,23
8930,21
8931,2
8932,53
8933,47
8934,37
8935,14
8936,26
8937,24
8938,5
8939,23
8940,4
8941,42
8942,13
8943,24
8944,2
8945,40
8946,5
8947,31
8948,23
8949,52
8950,9
8951,24
8952,7
8953,22
8954,18
8955,18
8956,16
8957,4
8958,10
8959,37
8960,14
8961,3
8962,54
8963,4
8964,16
8965,14
8966,48
8967,8
8968,8
8969,3
8970,44
8971,37
8972,13
8973,8
8974,4
8975,8
8976,47
8977,4
8978,38
8979,25
8980,5
8981,5
8982,6
8983,28
8984,55
8985,9
8986,24
8987,24
8988,5
8989,16
8990,22
8991,16
8992,27
8993,15
8994,25
8995,6
8996,25
8997,7
8998,50
8999,7
9000,8
9001,46
9002,19
9003,9
9004,36
9005,56
9006,59
9007,2
9008,30
9009,24
9010,37
9011,16
9012,35
9013,14
9014,10
9015,9
9016,23
9017,28
9018,18
9019,15
9020,14
9021,24
9022,58
9023,25
9024,11
9025,9
9026,23
9027,14
9028,13
9029,10
9030,36
9031,26
9032,21
9033,6
9034,24
9035,28
9036,18
9037,2
9038,39
9039,19
9040,21
9041,10
9042,6
9043,20
9044,20
9045,7
9046,14
9047,5
9048,26
9049,10
9050,38
9051,17
9052,9
9053,4
9054,2
9055,39
9056,21
9057,10
9058,6
9059,63
9060,23
9061,27
9062,1
9063,24
9064,16
9065,6
9066,26
9067,28
9068,37
9069,31
9070,51
9071,31
9072,44
9073,29
9074,15
9075,33
9076,33
9077,27
9078,20
9079,34
9080,12
9081,25
9082,3
9083,10
9084,11
9085,24
9086,44
9087,8
9088,24
9089,20
9090,39
9091,29
9092,26
9093,16
9094,22
9095,41
9096,14
9097,35
9098,5
9099,7
9100,5
9101,41
9102,24
9103,4
9104,4
9105,19
9106,18
9107,74
9108,14
9109,16
9110,24
9111,19
9112,6
9113,43
9114,6
9115,22
9116,39
9117,12
9118,15
9119,13
9120,9
9121,11
9122,36
9123,35
9124,1
9125,30
9126,19
9127,9
9128,28
9129,7
9130,21
9131,10
9132,20
9133,32
9134,2
9135,27
9136,8
9137,20
9138,7
9139,21
9140,25
9141,11
9142,11
9143,15
9144,27
9145,9
9146,9
9147,8
9148,4
9149,19
9150,22
9151,40
9152,22
9153,18
9154,15
9155,54
9156,28
9157,12
9158,2
9159,19
9160,9
9161,25
9162,5
9163,16
9164,5
9165,19
9166,4
9167,8
9168,16
9169,17
9170,70
9171,41
9172,27
9173,6
9174,26
9175,19
9176,43
9177,19
9178,15
9179,46
9180,13
9181,28
9182,59
9183,15
9184,75
9185,7
9186,22
9187,35
9188,19
9189,15
9190,35
9191,6
9192,26
9193,22
9194,14
9195,41
9196,11
9197,62
9198,15
9199,10
9200,7
9201,10
9202,5
9203,16
9204,4
9205,26
9206,6
9207,40
9208,51
9209,17
9210,20
9211,18
9212,7
9213,20
9214,2
9215,11
9216,5
9217,10
9218,44
9219,8
9220,19
9221,26
9222,4
9223,20
9224,39
9225,15
9226,34
9227,31
9228,44
9229,7
9230,44
9231,30
9232,17
9233,46
9234,31
9235,20
9236,28
9237,19
9238,19
9239,20
9240,8
9241,22
9242,47
9243,18
9244,11
9245,17
9246,23
9247,10
9248,66
9249,19
9250,27
9251,49
9252,3
9253,11
9254,15
9255,3
9256,20
9257,20
9258,13
9259,33
9260,7
9261,32
9262,13
9263,18
9264,82
9265,19
9266,24
9267,32
9268,4
9269,31
9270,23
9271,11
9272,7
9273,12
9274,23
9275,13
9276,11
9277,30
9278,30
9279,5
9280,3
9281,19
9282,14
9283,29
9284,33
9285,9
9286,54
9287,26
9288,19
9289,17
9290,25
9291,12
9292,4
9293,15
9294,11
9295,3
9296,41
9297,37
9298,27
9299,28
9300,13
9301,10
9302,19
9303,23
9304,46
9305,4
9306,19
9307,16
9308,17
9309,8
9310,13
9311,5
9312,8
9313,28
9314,24
9315,19
9316,20
9317,2
9318,1
9319,12
9320,8
9321,18
9322,58
9323,31
9324,9
9325,22
9326,14
9327,13
9328,29
9329,11
9330,27
9331,18
9332,27
9333,30
9334,13
9335,20
9336,32
9337,2
9338,15
9339,45
9340,49
9341,11
9342,50
9343,24
9344,2
9345,14
9346,8
9347,10
9348,23
9349,17
9350,24
9351,7
9352,10
9353,14
9354,25
9355,30
9356,23
9357,25
9358,17
9359,7
9360,15
9361,23
9362,30
9363,9
9364,3
9365,2
9366,11
9367,5
9368,15
9369,30
9370,23
9371,27
9372,14
9373,5
9374,38
9375,15
9376,6
9377,22
9378,16
9379,20
9380,12
9381,21
9382,26
9383,27
9384,12
9385,4
9386,7
9387,17
9388,1
9389,18
9390,6
9391,37
9392,17
9393,6
9394,25
9395,5
9396,31
9397,29
9398,4
9399,24
9400,27
9401,7
9402,27
9403,19
9404,22
9405,1
9406,5
9407,26
9408,15
9409,5
9410,17
9411,38
9412,13
9413,29
9414,18
9415,8
9416,2
9417,12
9418,6
9419,13
9420,11
9421,15
9422,9
9423,23
9424,6
9425,22
9426,41
9427,31
9428,9
9429,26
9430,26
9431,18
9432,56
9433,12
9434,8
9435,14
9436,17
9437,7
9438,40
9439,18
9440,15
9441,25
9442,5
9443,17
9444,29
9445,14
9446,12
9447,24
9448,2
9449,11
9450,32
9451,25
9452,9
9453,29
9454,21
9455,11
9456,2
9457,52
9458,19
9459,19
9460,30
9461,19
9462,19
9463,9
9464,12
9465,10
9466,27
9467,10
9468,11
9469,12
9470,20
9471,5
9472,19
9473,13
9474,4
9475,29
9476,28
9477,6
9478,24
9479,6
9480,4
9481,6
9482,28
9483,9
9484,21
9485,3
9486,24
9487,22
9488,10
9489,10
9490,38
9491,22
9492,3
9493,22
9494,21
9495,2
9496,54
9497,40
9498,21
9499,3
9500,11
9501,12
9502,5
9503,36
9504,10
9505,31
9506,21
9507,15
9508,27
9509,7
9510,56
9511,12
9512,6
9513,33
9514,3
9515,23
9516,22
9517,3
9518,14
9519,2
9520,21
9521,25
9522,11
9523,33
9524,8
9525,6
9526,7
9527,6
9528,33
9529,39
9530,15
9531,1
9532,12
9533,7
9534,5
9535,26
9536,9
9537,9
9538,3
9539,14
9540,21
9541,13
9542,3
9543,7
9544,6
9545,4
9546,6
9547,44
9548,21
9549,20
9550,14
9551,33
9552,31
9553,32
9554,6
9555,6
9556,35
9557,39
9558,27
9559,16
9560,9
9561,54
9562,9
9563,9
9564,14
9565,9
9566,14
9567,14
9568,10
9569,14
9570,25
9571,15
9572,5
9573,6
9574,30
9575,10
9576,2
9577,17
9578,32
9579,21
9580,1
9581,37
9582,14
9583,14
9584,25
9585,5
9586,26
9587,15
9588,4
9589,7
9590,22
9591,1
9592,49
9593,7
9594,22
9595,24
9596,39
9597,23
9598,4
9599,17
9600,8
9601,26
9602,16
9603,11
9604,3
9605,38
9606,3
9607,20
9608,12
9609,16
9610,71
9611,8
9612,6
9613,16
9614,6
9615,10
9616,2
9617,17
9618,12
9619,28
9620,21
9621,48
9622,4
9623,10
9624,4
9625,6
9626,3
9627,19
9628,17
9629,15
9630,21
9631,27
9632,12
9633,9
9634,12
9635,4
9636,51
9637,7
9638,7
9639,16
9640,14
9641,21
9642,16
9643,7
9644,27
9645,13
9646,41
9647,25
9648,18
9649,12
9650,26
9651,12
9652,3
9653,8
9654,5
9655,7
9656,42
9657,21
9658,2
9659,12
9660,25
9661,25
9662,15
9663,13
9664,12
9665,2
9666,19
9667,5
9668,6
9669,33
9670,25
9671,25
9672,11
9673,44
9674,12
9675,5
9676,8
9677,15
9678,17
9679,20
9680,3
9681,31
9682,9
9683,22
9684,26
9685,15
9686,32
9687,10
9688,7
9689,13
9690,9
9691,5
9692,36
9693,8
9694,17
9695,20
9696,51
9697,11
9698,35
9699,25
9700,14
9701,13
9702,2
9703,11
9704,9
9705,11
9706,4
9707,1
9708,18
9709,10
9710,3
9711,8
9712,4
9713,13
9714,7
9715,28
9716,9
9717,15
9718,7
9719,6
9720,7
9721,4
9722,5
9723,6
9724,17
9725,19
9726,17
9727,5
9728,23
9729,4
9730,17
9731,22
9732,16
9733,18
9734,7
9735,2
9736,1
9737,19
9738,16
9739,15
9740,20
9741,25
9742,8
9743,6
9744,19
9745,20
9746,15
9747,28
9748,19
9749,2
9750,19
9751,5
9752,16
9753,23
9754,21
9755,9
9756,8
9757,22
9758,7
9759,8
9760,3
9761,5
9762,4
9763,49
9764,11
9765,29
9766,13
9767,9
9768,3
9769,15
9770,7
9771,6
9772,12
9773,19
9774,2
9775,6
9776,13
9777,19
9778,2
9779,12
9780,9
9781,12
9782,17
9783,16
9784,2
9785,27
9786,6
9787,19
9788,29
9789,4
9790,16
9791,11
9792,13
9793,21
9794,22
9795,16
9796,12
9797,43
9798,9
9799,11
9800,32
9801,51
9802,20
9803,10
9804,11
9805,2
9806,5
9807,16
9808,13
9809,4
9810,5
9811,29
9812,19
9813,41
9814,15
9815,17
9816,12
9817,15
9818,9
9819,22
9820,34
9821,42
9822,9
9823,14
9824,6
9825,3
9826,14
9827,4
9828,1
9829,16
9830,13
9831,10
9832,12
9833,13
9834,7
9835,9
9836,6
9837,19
9838,10
9839,14
9840,15
9841,11
9842,15
9843,7
9844,17
9845,2
9846,8
9847,8
9848,10
9849,4
9850,7
9851,13
9852,13
9853,28
9854,4
9855,2
9856,1
9857,3
9858,28
9859,12
9860,4
9861,9
9862,10
9863,5
9864,15
9865,10
9866,5
9867,1
9868,2
9869,1
9870,22
9871,12
9872,17
9873,27
9874,6
9875,11
9876,11
9877,10
9878,7
9879,9
9880,10
9881,9
9882,20
9883,15
9884,13
9885,30
9886,10
9887,5
9888,3
9889,2
9890,11
9891,9
9892,13
9893,2
9894,39
9895,2
9896,6
9897,32
9898,8
9899,11
9900,34
9901,8
9902,5
9903,5
9904,15
9905,16
9906,13
9907,1
9908,11
9909,3
9910,5
9911,2
9912,3
9913,13
9914,8
9915,28
9916,14
9917,13
9918,15
9919,19
9920,50
9921,24
9922,5
9923,22
9924,5
9925,4
9926,14
9927,2
9928,7
9929,15
9930,4
9931,14
9932,2
9933,4
9934,15
9935,10
9936,6
9937,11
9938,14
9939,17
9940,4
9941,5
9942,1
9943,3
9944,10
9945,3
9946,2
9947,18
9948,5
9949,20
9950,15
9951,5
9952,13
9953,5
9954,42
9955,33
9956,15
9957,23
9958,29
9959,24
9960,13
9961,1
9962,31
9963,3
9964,8
9965,12
9966,4
9967,3
9968,13
9969,3
9970,2
9971,23
9972,9
9973,5
9974,13
9975,2
9976,22
9977,11
9978,6
9979,13
9980,9
9981,2
9982,11
9983,23
9984,17
9985,16
9986,21
9987,5
9988,15
9989,8
9990,6
9991,11
9992,27
9993,8
9994,20
9995,2
9996,10
9997,13
9998,7
9999,12
10000,4
10001,26
10002,14
10003,11
10004,10
10005,11
10006,9
10007,7
10008,10
10009,18
10010,15
10011,11
10012,13
10013,5
10014,18
10015,4
10016,17
10017,14
10018,3
10019,34
10020,5
10021,14
10022,5
10023,6
10024,3
10025,15
10026,19
10027,12
10028,6
10029,24
10030,16
10031,4
10032,6
10033,3
10034,7
10035,24
10036,11
10037,13
10038,8
10039,4
10040,1
10041,8
10042,10
10043,7
10044,11
10045,24
10046,11
10047,24
10048,5
10049,7
10050,12
10051,10
10052,7
10053,8
10054,5
10055,5
10056,11
10057,3
10058,14
10059,7
10060,6
10061,7
10062,8
10063,4
10064,29
10065,32
10066,6
10067,19
10068,10
10069,16
10070,16
10071,3
10072,6
10073,27
10074,3
10075,3
10076,22
10077,7
10078,41
10079,6
10080,15
10081,20
10082,14
10083,1
10084,13
10085,16
10086,2
10087,5
10088,12
10089,29
10090,3
10091,11
10092,19
10093,39
10094,23
10095,16
10096,7
10097,2
10098,5
10099,10
10100,3
10101,6
10102,17
10103,9
10104,5
10105,33
10106,7
10107,18
10108,15
10109,3
10110,18
10111,33
10112,15
10113,4
10114,18
10115,52
10116,10
10117,7
10118,5
10119,6
10120,25
10121,5
10122,6
10123,12
10124,15
10125,22
10126,4
10127,3
10128,9
10129,17
10130,9
10131,14
10132,21
10133,10
10134,9
10135,8
10136,35
10137,3
10138,12
10139,15
10140,10
10141,12
10142,12
10143,8
10144,5
10145,3
10146,6
10147,6
10148,25
10149,4
10150,8
10151,17
10152,11
10153,7
10154,1
10155,23
10156,25
10157,8
10158,2
10159,14
10160,12
10161,3
10162,20
10163,13
10164,11
10165,3
10166,3
10167,8
10168,28
10169,22
10170,3
10171,2
10172,15
10173,7
10174,2
10175,34
10176,7
10177,3
10178,4
10179,3
10180,9
10181,8
10182,8
10183,11
10184,7
10185,11
10186,2
10187,4
10188,7
10189,2
10190,12
10191,2
10192,16
10193,5
10194,16
10195,2
10196,11
10197,4
10198,12
10199,16
10200,1
10201,3
10202,5
10203,14
10204,9
10205,6
10206,2
10207,6
10208,2
10209,9
10210,3
10211,11
10212,4
10213,6
10214,14
10215,23
10216,5
10217,10
10218,4
10219,2
10220,4
10221,9
10222,16
10223,10
10224,5
10225,17
10226,11
10227,2
10228,9
10229,11
10230,6
10231,1
10232,18
10233,5
10234,8
10235,3
10236,13
10237,32
10238,7
10239,9
10240,7
10241,11
10242,5
10243,3
10244,3
10245,4
10246,8
10247,4
10248,2
10249,23
10250,6
10251,10
10252,4
10253,11
10254,1
10255,18
10256,8
10257,1
10258,4
10259,9
10260,7
10261,9
10262,9
10263,5
10264,12
10265,10
10266,15
10267,10
10268,3
10269,21
10270,9
10271,8
10272,7
10273,3
10274,7
10275,6
10276,15
10277,2
10278,15
10279,5
10280,4
10281,12
10282,15
10283,3
10284,9
10285,9
10286,4
10287,12
10288,7
10289,6
10290,12
10291,7
10292,3
10293,20
10294,4
10295,2
10296,10
10297,7
10298,13
10299,12
10300,1
10301,2
10302,1
10303,2
10304,13
10305,11
10306,10
10307,5
10308,19
10309,2
10310,5
10311,7
10312,4
10313,1
10314,11
10315,2
10316,12
10317,4
10318,7
10319,9
10320,4
10321,7
10322,8
10323,12
10324,3
10325,4
10326,6
10327,6
10328,1
10329,7
10330,15
10331,4
10332,10
10333,4
10334,4
10335,15
10336,17
10337,4
10338,8
10339,4
10340,8
10341,13
10342,8
10343,6
10344,6
10345,12
10346,11
10347,23
10348,4
10349,10
10350,2
10351,1
10352,6
10353,5
10354,4
10355,9
10356,6
10357,3
10358,11
10359,38
10360,2
10361,3
10362,3
10363,11
10364,5
10365,1
10366,6
10367,5
10368,2
10369,4
10370,3
10371,5
10372,3
10373,5
10374,3
10375,9
10376,3
10377,7
10378,7
10379,17
10380,1
10381,14
10382,16
10383,6
10384,7
10385,1
10386,6
10387,7
10388,5
10389,11
10390,2
10391,16
10392,3
10393,1
10394,5
10395,6
10396,15
10397,12
10398,4
10399,10
10400,13
10401,11
10402,2
10403,12
10404,1
10405,11
10406,3
10407,2
10408,2
10409,7
10410,3
10411,5
10412,4
10413,3
10414,4
10415,12
10416,9
10417,6
10418,7
10419,5
10420,15
10421,12
10422,6
10423,19
10424,9
10425,4
10426,6
10427,12
10428,3
10429,7
10430,9
10431,10
10432,2
10433,2
10434,5
10435,4
10436,13
10437,4
10438,26
10439,5
10440,13
10441,2
10442,20
10443,4
10444,5
10445,5
10446,5
10447,12
10448,4
10449,1
10450,4
10451,3
10452,10
10453,2
10454,8
10455,7
10456,11
10457,2
10458,11
10459,4
10460,3
10461,11
10462,5
10463,2
10464,14
10465,2
10466,6
10467,17
10468,3
10469,21
10470,14
10471,12
10472,1
10473,2
10474,3
10475,4
10476,4
10477,1
10478,9
10479,3
10480,1
10481,3
10482,10
10483,8
10484,4
10485,5
10486,5
10487,17
10488,6
10489,4
10490,17
10491,3
10492,6
10493,4
10494,4
10495,4
10496,3
10497,9
10498,11
10499,9
10500,2
10501,24
10502,11
10503,1
10504,6
10505,3
10506,6
10507,1
10508,3
10509,6
10510,18
10511,15
10512,4
10513,2
10514,5
10515,4
10516,4
10517,2
10518,18
10519,17
10520,9
10521,4
10522,1
10523,5
10524,12
10525,2
10526,18
10527,2
10528,3
10529,3
10530,14
10531,4
10532,8
10533,6
10534,4
10535,8
10536,8
10537,3
10538,5
10539,2
10540,3
10541,3
10542,11
10543,19
10544,5
10545,1
10546,10
10547,5
10548,12
10549,2
10550,3
10551,1
10552,2
10553,7
10554,3
10555,4
10556,3
10557,3
10558,3
10559,1
10560,4
10561,6
10562,8
10563,2
10564,14
10565,7
10566,2
10567,11
10568,9
10569,5
10570,3
10571,3
10572,3
10573,3
10574,4
10575,6
10576,2
10577,13
10578,3
10579,5
10580,5
10581,3
10582,4
10583,3
10584,4
10585,5
10586,1
10587,6
10588,5
10589,3
10590,6
10591,9
10592,6
10593,1
10594,4
10595,3
10596,2
10597,13
10598,1
10599,3
10600,4
10601,5
10602,11
10603,6
10604,8
10605,3
10606,11
10607,1
10608,4
10609,2
10610,8
10611,11
10612,6
10613,5
10614,7
10615,4
10616,1
10617,3
10618,2
10619,4
10620,5
10621,3
10622,3
10623,7
10624,1
10625,1
10626,4
10627,12
10628,7
10629,6
10630,1
10631,4
10632,7
10633,2
10634,5
10635,13
10636,2
10637,4
10638,5
10639,2
10640,5
10641,2
10642,12
10643,5
10644,2
10645,4
10646,3
10647,10
10648,4
10649,1
10650,23
10651,2
10652,3
10653,8
10654,1
10655,4
10656,1
10657,8
10658,6
10659,4
10660,14
10661,4
10662,9
10663,6
10664,4
10665,15
10666,8
10667,8
10668,12
10669,6
10670,4
10671,3
10672,17
10673,3
10674,9
10675,4
10676,3
10677,4
10678,7
10679,7
10680,5
10681,3
10682,3
10683,7
10684,8
10685,4
10686,2
10687,2
10688,7
10689,3
10690,14
10691,2
10692,4
10693,6
10694,6
10695,6
10696,2
10697,3
10698,3
10699,1
10700,4
10701,1
10702,2
10703,4
10704,15
10705,3
10706,4
10707,8
10708,6
10709,5
10710,3
10711,7
10712,6
10713,1
10714,2
10715,4
10716,13
10717,1
10718,2
10719,2
10720,6
10721,5
10722,4
10723,3
10724,9
10725,2
10726,2
10727,4
10728,1
10729,3
10730,1
10731,3
10732,8
10733,1
10734,3
10735,8
10736,1
10737,3
10738,1
10739,1
10740,5
10741,1
10742,4
10743,3
10744,2
10745,4
10746,4
10747,2
10748,8
10749,2
10750,1
10751,5
10752,4
10753,3
10754,2
10755,3
10756,10
10757,12
10758,1
10759,2
10760,6
10761,1
10762,2
10763,1
10764,3
10765,9
10766,3
10767,5
10768,1
10769,3
10770,5
10771,2
10772,9
10773,3
10774,1
10775,2
10776,3
10777,2
10778,3
10779,5
10780,7
10781,1
10782,7
10783,3
10784,7
10785,2
10786,6
10787,1
10788,2
10789,2
10790,2
10791,3
10792,1
10793,3
10794,6
10795,8
10796,2
10797,8
10798,6
10799,1
10800,3
10801,8
10802,6
10803,14
10804,4
10805,2
10806,4
10807,2
10808,1
10809,3
10810,4
10811,5
10812,2
10813,1
10814,4
10815,3
10816,15
10817,3
10818,3
10819,5
10820,2
10821,3
10822,6
10823,2
10824,5
10825,3
10826,3
10827,5
10828,4
10829,3
10830,3
10831,4
10832,7
10833,5
10834,2
10835,5
10836,4
10837,1
10838,3
10839,3
10840,3
10841,1
10842,3
10843,4
10844,2
10845,2
10846,1
10847,3
10848,3
10849,2
10850,5
10851,3
10852,2
10853,2
10854,3
10855,3
10856,2
10857,4
10858,1
10859,3
10860,4
10861,3
10862,3
10863,3
10864,2
10865,4
10866,5
10867,3
10868,1
10869,4
10870,3
10871,1
10872,3
10873,5
10874,4
10875,3
10876,7
10877,7
10878,1
10879,5
10880,1
10881,2
10882,4
10883,2
10884,2
10885,2
10886,1
10887,3
10888,2
10889,2
10890,5
10891,2
10892,3
10893,4
10894,3
10895,5
10896,1
10897,2
10898,6
10899,2
10900,4
10901,2
10902,3
10903,1
10904,3
10905,4
10906,1
10907,3
10908,3
10909,8
10910,3
10911,3
10912,1
10913,3
10914,1
10915,6
10916,3
10917,1
10918,1
10919,2
10920,1
10921,2
10922,1
10923,1
10924,1
10925,3
10926,2
10927,2
10928,1
10929,3
10930,1
10931,2
10932,3
10933,1
10934,1
10935,3
10936,2
10937,2
10938,4
10939,1
10940,1
10941,3
10942,3
10943,2
10944,2
10945,7
10946,1
10947,2
10948,1
10949,5
10950,1
10951,5
10952,2
10953,2
10954,5
10955,1
10956,1
10957,1
10958,6
10959,4
10960,1
10961,4
10962,1
10963,1
10964,1
10965,1
10966,4
10967,1
10968,2
10969,1
10970,3
10971,3
10972,2
10973,3
10974,8
10975,1
10976,3
10977,2
10978,1
10979,1
10980,2
10981,2
10982,1
10983,6
10984,1
10985,1
10986,2
10987,2
10988,1
10989,3
10990,2
10991,1
10992,3
10993,4
10994,1
10995,2
10996,1
10997,1
10998,4
10999,3
11000,1
11001,1
11002,3
11003,1
11004,1
11005,3
11006,1
11007,2
11008,2
11009,1
11010,3
11011,1
11012,2
11013,3
11014,4
11015,1
11016,1
11017,3
11018,1
11019,1
11020,1
11021,1
11022,1
11023,1
11024,3
11025,3
11026,3
11027,3
11028,2
11029,1
11030,1
11031,1
11032,3
11033,1
11034,3
11035,1
11036,1
11037,1
11038,2
11039,2
11040,2
11041,1
11042,3
11043,1
11044,2
11045,3
11046,3
11047,1
11048,1
11049,2
11050,2
11051,1
11052,1
11053,1
11054,2
11055,1
11056,1
11057,2
11058,1
11059,2
11060,3
11061,2
11062,2
11063,1
11064,1
11065,1
11066,1
11067,2
11068,1
11069,3
11070,1
11071,1
11072,1
11073,1
11074,2
11075,1
11076,1
11077,2
11078,1
11079,1
11080,1
11081,1
11082,1
11083,1
11084,1
11085,1
11086,1
11087,1
11088,1
11089,1
11090,1
11091,1
11092,1
11093,1
11094,3
11095,1
11096,1
11097,1
11098,2
11099,2
11100,1
11101,1
11102,1
11103,1
11104,1
11105,2
11106,1
11107,1
11108,1
11109,1
11110,1
11111,1
11112,1
11113,1
11114,1
11115,1
11116,1
11117,1
11118,1
11119,1
11120,1
11121,1
11122,1
